NAME,ID,UID,X,Y
吴山广场,1001,449a4dbf20066ba3b13c8130,13377518.53,3513534.05
河坊街,1002,0a4a1244b01bcba9d22dd6c9,13377276.4,3513413.14
西湖大道,1003,2ee166cec8851811b1077dae,13377218.85,3514268.85
劳动路口,1004,5c1ab0a0cc651aa24c3a592d,13377367.13,3514198.84
延安南路,1005,2674bd102de7a58329fc48ea,13377539.79,3514391.68
省中医院,1006,ac2d3369f20d379bf7eafcca,13377746.85,3515022.41
开元路口,1007,e12801326a326db8601c670e,13377720.57,3514753.52
市一医院,1008,130cac08121c3d1d931fc982,13377839.58,3515387.99
省妇保,1009,142165bb5d7cf1232bd7ab9a,13378014.24,3515486.34
市一医院北,1010,130cac08121c3d1d931fc982,13377839.58,3515387.99
明珠商业中心,1011,4b043a6a329af695b320a8ad,13377487.58,3515776.66
解放路北,1013,81453eaf9e47d6a97bb55c7d,13377646.32,3514944.45
吴山路口,1014,33e20f462d49544ef33cbab3,13377599.35,3515234.75
横河公园,1015,5f5efbf8df2b684ce70738e7,13380011.55,3514925.21
东坡路,1016,c36046577b36dc6078dbd25d,13377224.08,3515761.66
学士路西,1017,31e0f6ccd0de28d3882fb5db,13377110.76,3515409.91
东坡路西,1018,42a8a08b660569fbda2f2833,13377328.61,3515262.71
涌金广场,1019,9c48cb2136f785dbb6f42fd1,13377081.26,3514177.94
近江大厦,1020,bee01039b6a509503310af52,13380867.16,3513434.04
三廊庙南,1021,aded7f64070c4f5fb54f54bb,13378680.71,3510506.2
三廊庙,1022,193f519db883316a1d580022,13378832.44,3510716.93
木材新村,1023,4ab4f112607fb6750c0e6b49,13379142.58,3511219.03
解放路东,1024,f0e8b9bb643565d845572635,13379617.37,3514668.51
婺江路,1025,3539a72fb44f10d9b2077d14,13381188.55,3512370.2
葵巷社区,1026,33d37107deff828ff603b888,13379350.53,3515275.53
汽车南站站,1027,7f9b808e560addc8c4f02572,13379934.07,3513144.8
鼓楼,1028,3a1afeb97350739a70210bda,13378333.95,3513155.19
小车桥,1031,436b4fa1f500b8959e82eaaa,13376935.32,3515781.53
凤山路,1033,6bd5026d5cbfb5eb901fc913,13378467.87,3511149.16
凤山门,1034,d3eda3b0573f1456a8175a27,13378290.98,3511495.27
西湖大道北,1036,74eef6466d7313c70bccddd4,13378483.23,3514229.48
近江东路,1037,732d74e59b090ea682a12e5e,13381870.16,3512727.11
翰林园街,1038,3fc64f022831ee7407fef558,13380002.2,3515476.59
嘉和里路口,1039,ac8e2a364cdf308161685866,13377335.4,3513908.94
富春路口,1040,3ed128896f3d918d32f71d64,13381752.39,3512869.42
雄镇楼,1041,904c66678705c08faccb6642,13378503.05,3511837.16
近江公交站,1042,88fe19aa93f238a63f9a5e11,13381869.16,3513048.01
利星广场,1043,36d6597979eccd9717b54b22,13377311.02,3515427.61
一公园,1044,c347e2a12887abbb9d9d6818,13377382.94,3514935.22
河坊街东口,1045,0be57b0f2a418bf26849f369,13378991.08,3513281.6
仁和路西,1048,623de9ad242a38b378f796af,13377368.91,3515081.65
湖滨,1049,ac2d3369f20d379bf7eafcca,13377746.85,3515022.41
平海路西,1050,be47f8f003625ad2c27da288,13377369.69,3515223.98
板桥路口,1051,a32f63c7cacff3ffc7f50d86,13377737.72,3515241.93
钱王祠,1052,9e305e80a1ee78e233169be8,13376799.28,3513837.78
龙翔桥,1053,c2de1a0acfd1231ebd484233,13377527.32,3515424.66
城头巷,1054,213ead17690dbdb349fd3f12,13378943.88,3514145.12
美政路,1055,ac25136278888b558bb988b8,13378071.23,3509720.35
清吟街点,1058,c5931d58d730bb9c283a9f59,13378577.19,3515220.39
西湖国贸大厦,1360,6ecd154c9702469a0a5cb35a,13379255.8,3514044.59
解百天桥,1060,3ca2416d0141e7e58bfc06b2,13377454.07,3515752.04
西湖国贸大厦,1360,6ecd154c9702469a0a5cb35a,13379255.8,3514044.59
西湖国贸大厦,1360,6ecd154c9702469a0a5cb35a,13379255.8,3514044.59
小天竺社区,1063,1978917887a4894982a12e1f,13379647.42,3516130.72
庆馀亭,1065,ba37e4a23ce2dbec01294f50,13378475.66,3515782.69
莫干山路1067号,4139,10df9388436976eb260bd0b6,13372221.66,3522766.61
武林南口,1066,2eee893b731e05e880a00c99,13377075.92,3515902.33
上城区城府,1069,4aa2a34fdeec638c9d95de9c,13378097.39,3513827.52
庆春门北,1072,d3f4ce862bf037a7a20464e1,13380089.48,3516399.64
长途汽车南站,1073,f0437f030d9761313686f44c,13380304.1,3512907.37
中策橡胶,1075,5059c42949a6b794471a32c1,13379603.12,3512097.52
小营公园,1074,5c4ec5415abc9a4fd0ff2366,13378854.37,3515051.64
紫花苑,1076,7de4382bdb06c73a2b06ce53,13378409.43,3509742.65
望江门,1077,6eed38d5bdb252733586f479,13378952.67,3512997.24
清江路,1080,8124f942989d5582a5da3922,13380398.73,3514233.71
西湖国贸大厦,1360,6ecd154c9702469a0a5cb35a,13379255.8,3514044.59
延安南路惠民路口,1078,e1afb5b0057330fc132935cb,13377523.87,3513765.85
复兴南街,1079,24a29fb8b00cd7b25cbe868d,13377550.92,3509446.71
近江一苑,1081,15383a6c8e139c48ae31e5f7,13381827.19,3512462.89
西湖大道延安路口,1083,5fe83e9076716d6c0bccddd2,13377557.38,3514109.09
西湖国贸大厦,1360,6ecd154c9702469a0a5cb35a,13379255.8,3514044.59
海潮路口,1082,11ebd5e3c9c4aad290114c4e,13379668.24,3512507.63
8号吴山广场,1084,e3369b47cb40fb8e770269b4,13377561.83,3514006.13
惠民路定安路口,1085,2d55c73b6c96633b3310af20,13377734.82,3513840.86
胡雪岩故居,1090,fd2d3e33111965356ca3ccc5,13378679.38,3513127.5
望江门东,1092,f814b5e831c87e3dad045743,13379866.5,3512433.15
涌金门,1088,fb9ee01f895d1f03fb2213ee,13377091.72,3514353.73
杭州财政局,1089,789cb6de1a51cffd84154117,13378432.69,3514649.4
复兴南街,1093,f5ad9f7ab1b546a404026f82,13378037.06,3509844.29
馒头山,1091,38cf641378b60c77eddfca02,13377994.64,3511608.21
飞云江路之江路口东,1096,84c75d9f92c0845be5073802,13379173.31,3510255.86
大学路,1094,b53990a0cc4a3d0b00ff2dcd,13379598.55,3515472.88
望江东园,1095,de57dc9223cb4abc7f29bd43,13380374.57,3512497.63
青藤茶室,1097,934268c07f879c625a3ac885,13377278.63,3514696.46
高官弄,1099,ff911fe8a7e39697fd0eb0f5,13379701.75,3514836.1
水亭址,1102,43e0d7d8619b9789c1f1cfa2,13378582.64,3513872.91
丰乐桥南,1101,5107c9a3b5474b6e9e95de1f,13378352.87,3514648.89
清吟街东,1103,af2754341bcbd2732ce67b02,13379003.1,3515214.24
西湖国贸大厦,1360,6ecd154c9702469a0a5cb35a,13379255.8,3514044.59
上城区法院,1107,a3c554b68012a4b1a6da3948,13378566.94,3510328.16
沙地路,1109,9d4720f1cfd5b6f4bfa82224,13380324.36,3512265.98
复兴立交桥,1105,60c7193a2eb2e0558f1a89e1,13378559.04,3510571.06
杭州警校,1106,160558ce719cad6582a12e3d,13378645.2,3510158.96
三廊庙273,1110,8b7fe4def9da26ef9f09f797,13378817.3,3510859.08
小营巷民居,1108,ad7be945ca236fa60b69d9e2,13379081.47,3515133.33
富春路姚江路口东,1113,04dddcfd8608ae34f503b8c9,13379722.45,3510821.78
富春路侯潮路口北,1112,7793e57a693c61c51f1d1192,13380139.68,3511100.2
衢江路三十五号,1114,d256647d1272db4b38221c20,13381908.01,3512340.46
飞云江路五十五号,1116,c817d1b5677d09f0a20464c3,13378889.11,3510564.9
钱江路候潮路口北,1118,d5c7497c63b4d8929cf779c1,13379914.26,3511420.28
钱江路甬江路北,1117,51a07c1f386eab66be4842f4,13380205.25,3511777.04
金棕镧花园,1121,8e0f47bb45fa3ebb157643f5,13377639.31,3509401.98
钱江路姚江路口东北,1119,ff80277b0a295b55c03644db,13379647.65,3511099.17
二凉亭,1122,98f9b3f81221ad17e0110319,13379290.31,3511560.91
高银巷,1123,9817b7b63c036e2d5e0d0221,13377596.23,3513533.92
钱江路南口北,1125,b3ce695546d0cfdcd4851ff1,13379165.63,3510655.78
清波路3-5号,1124,1f6ae5c4bb58231795ec84be,13377243.56,3513221.34
富春路二一五号,1127,47fda44ee96f89c60482c21e,13381685.15,3512793.91
钱江时代公寓1号,1126,ef8a6e1f6008e06810293505,13382247.1,3512710.45
凤山桥,1129,d0076818a60387b614b54b7e,13378720.23,3511414.64
钱江路南口,1128,f3ba2593ff86bb88f7e73bc8,13379072.01,3510579.26
城南家园,1130,527a0731bda961b04f2fdf5a,13378890.55,3511569.75
佑圣观路111号,1131,0ac3187fdf6562914d776e4e,13378704.98,3513889.84
将军路56号,1134,05da54ef746c1f382e473310,13377298.67,3514592.22
建兰中学,1133,8066946419f4994008ccdd6f,13378357.66,3512716.47
断河头95号,1132,b6dcd9e772ec8a1ce6073883,13378812.85,3513351.73
江城路199号,1135,8efb669ae6c1215278b55c85,13378493.25,3511399.77
之江路海月路口,1138,3205edee1321130bcb213d2c,13377174.43,3508975.95
海月路81号,1136,877fad0cc52b0de46268583a,13377339.75,3509089.25
复兴南街337号,1137,9b50483b780c519008ccdd80,13377083.93,3509109.11
复兴里街站,1139,c627e564bef30700b23c814f,13376824.11,3508960.57
江新苑,1140,33af47a14b31ec3283a00c0e,13376851.16,3508974.16
清怡花园17幢,1141,a73a78eb228ca83602294f1b,13376999.66,3508994.28
翰林花园,1142,d35690c63d69c3902b11d1ae,13380059.76,3515644.07
江滨职高,1145,d7a11c03cd5d4b6eae31e5c1,13377497.93,3509552.06
檀香园,1143,314bb8bd79e41c9d25d2bbd1,13380048.07,3515408.38
虹桥医院,1144,43ecfa6ad97d5b4830169bf1,13379743.49,3514409.25
惠民路联华超市,1146,1d47123831173af68405bf51,13378312.24,3513830.73
莫干山路1147号,4122,8a2e8bfb619ba8e3cf06a437,13371848.96,3523118.94
定安游泳馆,1150,f84067f265353729e707388c,13377722.69,3514031.9
将军路延安路口,1151,dce422ac5824a7f49ff77926,13377422.01,3514558.24
平海路湖滨路口,1154,17f221a6b61d52254d55479d,13377230.76,3515260.53
湖滨路三公园,1153,1cdc1cdb6d4167a576e5b63d,13377183.12,3515285.79
南山路282号,1152,c4a98e9843a40011a1a934a6,13377325.38,3514735.83
庆春路203号,1156,7799576346c03a4235b06c6d,13377548.36,3515775.12
莫干山路1155号,4123,8fd7c95c3e4cce60cd04ef3d,13371763.47,3523232.24
吴山广场西侧,1160,3edd776fca4605b1b3077d50,13377463.31,3513534.17
菩提寺路口,1161,3ccd3ca5b615afad2b06ce54,13377598.57,3515625.09
公交湖滨站,1157,7ff1338438d8e1f729d7abbb,13377509.4,3514998.05
东坡路62号,1158,a0923a74a4f36f5ee5e965b3,13377338.19,3515629.58
吴山通宝城,1159,67fdc024d9403ff4ad080f6d,13377335.52,3513571.74
板桥路10,1164,c378d187a884b112a20464fd,13377711.78,3515338.49
柳浪阁,1163,874934c1ac3d6f838505bfe6,13377013.13,3513206.73
庆春路135-1号,1166,ff669db61a050fe8d23ce373,13378695.19,3515737.03
马市街清吟街口,1168,8ba601e61c12c2a7db1318a7,13378863.39,3515253.73
岳王路27号,1165,2c45d2452f762bdefb2d619c,13378062.44,3515390.81
万安城市花园9幢,1169,6fe6c118803f670639221cd2,13379119.54,3515448.51
之江路2,1170,6de9368c6e9d1dd76f4760d7,13377306.79,3509040.03
庆春路149号,1167,33d35e3a218663a9adcb6624,13378463.53,3515739.34
延安路127号,1174,ac233212fc9f4044901fc971,13377495.59,3514197.17
之江路美政路口,1178,49cc1a55a9dced66c356ac4f,13378142.37,3509499.9
之江路三,1172,f9cf18711acf170df7e73bd1,13377997.98,3509420.56
劳动路12-18号,1173,acb2989b6a83202a2902e1f7,13377317.7,3513666.1
美政路5号,1180,eafd9fccae7bb84049fc8dcd,13378016.91,3509738.94
美政路26号,1179,2ff6d7573a56ec6af7231001,13378137.25,3509548.35
之江路飞云江路口,1183,31ca81728b197e372db96d96,13379252.79,3510176.4
市中级人民法院南,1186,ff2e193ea4b618f631f71d23,13380355.09,3510867.29
之江路紫花路口西,1191,151fa83f303db21bab059dc5,13378393.62,3509649.47
定安路32号,1190,eb90120b207f584515c8f6fd,13377724.36,3513969.84
杭州市公安局,1189,eda632b644f988d179b55c46,13377746.51,3513684.82
海月路2号,1193,22cd5e2a78b59987d8d89124,13377166.98,3509322.9
秋涛路,1194,5efa5e947fa3838225d2bb7b,13378687.5,3510609
华东家具市场站,1199,70c1cbfeb1d874ac00ff2db1,13380987.84,3513464.81
南山路218号,1197,121fe90ea23f40eec9fa5f02,13376999.66,3513895.48
富春路甬江路西南,1196,d328b6ec182407789e9d6819,13380263.14,3511285.3
清波街28号,1198,20e958f6e50e6d1cb8bd6345,13377155.29,3513246.6
近江加油站,1203,bee01039b6a509503310af52,13380867.16,3513434.04
莫邪塘社区,1207,11ad6a3a7e816f42f82d617a,13380279.17,3513676.62
延安路解放路口,1206,7e6a2331ab5189961029358c,13377520.42,3514714.16
南山路218-5号,1211,07ed9d4439e16bf0b11e36bb,13377057.88,3514040.36
清江路346号,1213,be1fb0227587273df5eafc71,13382064.2,3512893.52
清江路292号,1212,d11634c5b1c158df8505bf53,13381716.99,3513165.7
延安路解放路口,1217,7e6a2331ab5189961029358c,13377520.42,3514714.16
新工社区,1215,96cdc231491d5c74d4851ffe,13378933.08,3511059.69
庆春路9号,1219,dcf8b19affd55a8f87330467,13379969.14,3515715.11
珊圆弄九十六号,1218,cac570d2fb180723451a3290,13381728.79,3512258.8
庆春路25号,1220,7f9a567494fa67b48e7727c2,13379628.28,3515738.45
大学路,1222,d6c63039b0eb01074e2fdf40,13379587.98,3515314
高官弄,1221,ff911fe8a7e39697fd0eb0f5,13379701.75,3514836.1
学士路92号,1224,700e3cf061b74b69047ce8ca,13377180.56,3515423.25
复兴大桥1,1225,1b6a4bfc186ab29ab1077db4,13378717.45,3510039.38
直大方伯解放路口,1229,a1e1e403fbe3ace987330403,13379111.97,3514802.63
复兴大桥2,1226,35fdb9303349b5e69fec2b99,13378799.94,3510106.92
复兴大桥3,1227,d20e0dd13a2e9ec33310af25,13378765.1,3510200.88
马市街90号,1230,824a15f05b67f04cfbf0cb33,13378857.83,3515147.05
清泰街站前路路口,1232,a443d7b310a8fd1a5abbbc77,13379285.52,3514328.72
长途汽车南站对面,1235,62ae150752af667b86420e32,13380260.47,3512801.09
秋涛路A,1238,d532add45648b6250a5cb31a,13379460.85,3511881.9
二凉亭加油站,1239,64914a25d1814cd2e856fa3e,13379224.18,3511443.74
秋涛路368号,1237,711b75d63a17f40ff8dc857c,13381234.3,3513645.98
秋涛路479号,1236,e3523c190fcb1aa660180947,13380727.46,3513329.81
秋涛路B,1240,2f8aebd9699f8a9799005012,13379155.94,3511321.19
木材市场,1241,f414647bb287f0d56e20b981,13379447.38,3511769.09
凤山路137号,1244,b91e2822885c8f9ff4eafc69,13378399.07,3511391.82
8路鼓楼终点站,1245,321e3fcb2e645ba2ede4a5de,13378310.24,3513052.11
杭四中分校,1249,14a219467ff70907b05c6a2b,13377521.98,3513627.13
河坊街四宜路口,1248,b1c4ea4db9186dea0f0e6bca,13377212.28,3513406.09
河坊街472号,1247,6b1630da1d5d4396725e8060,13377085.71,3513436.35
庆春路87号,1252,6198c2b2765948a99e82ea9d,13378905.36,3515733.96
西湖时代广场1,1253,9c1e580be04c9b6d1df74de7,13377102.08,3515789.48
庆春路73号,1251,eee97053b2188f0ca8f0cd00,13379165.96,3515730.62
六公园2,1254,6d4deac69027dd6c3f9a5e58,13376963.82,3515651.25
望江门2号,1255,b075b186572e07c92806cec7,13379816.63,3512371.35
庆春路167号,1256,358d0236d2cf51b02ce67b60,13378009.9,3515768.84
庆春路一百九十九号,1257,d8125858d344e5c8d6b74ee3,13377632.74,3515775.12
吴山通宝城2,1262,ef89d97bbb4a987243024562,13377516.97,3513567.38
孔庙,1264,18038d7c34fc7fdfcd04efcc,13377267.39,3513622.9
涌金广场,1266,c0b2e8dbbaf88faa2dfaa70c,13377378.82,3514264.49
章家桥西自行车租赁站,1267,3f3025bc962c264f31f71d8a,13379011.89,3514191.53
西湖大道252号,1265,839d60670f1749e340e19274,13377520.75,3514270.38
开元路78-10号,1270,d382be444897031ef82d617c,13377295.44,3514476.82
开元路比胜庙巷口,1268,d12a15e6f9436a0714c8f6e7,13378050.75,3514402.71
瓯江路近江北路口,1271,176679a3774468c349fc8d2b,13381579.62,3513028.26
开元路延安路口,1269,220a98275d91e546fbf0cbe3,13377494.26,3514432.71
延安路176号,1275,2ad6722a6541378e9e9d6819,13377560.27,3514255.51
西湖大道佑圣观路口,1276,75c188f5354daf7fa21de99c,13378797.71,3514154.6
平海路5号,1279,f6c608772485d4e9d8ecedfc,13378234.99,3515248.73
梅花碑,1277,fd46a027fe921e8c01294f37,13378711.22,3513824.45
解放路中河路口,1280,a514a3e9586d2c08057ce80d,13378435.7,3514793.4
青年路开元路口,1282,e354fdbfff7be9f0095cb38d,13378005.22,3514443.48
浙二医院南,1281,e7e35a37472fbe07eaf853cb,13378904.36,3514779.29
长生路54号,1284,888d1890ae42d8a3d8ecedd2,13377064.23,3515649.32
解放路178号,1285,41cfab8462551d416fa3ccb2,13377994.42,3514825.33
清吟街3号,1283,883d7038111a01e76f476075,13379068.56,3515175.38
河坊街461-463号前,1287,48614aef046db2d81e1d1195,13377049.98,3513401.86
之江路九百九六一号,1288,6fe9fc15847226bd6fa3ccc7,13382272.59,3512410.2
钱塘人家,1293,6c7f533c266fb36676e5b621,13381789.68,3513121.47
行知幼儿园,1290,1f72eefff97345ac1fe9992d,13378031.38,3515455.05
清江路256号,1291,2b0251fe0451e48748fd3f57,13381424.1,3513463.4
涌金饭店,1294,e8bba27a09b75e0f4002454b,13377309.02,3513954.84
中河中路240号,1297,f2cf2d3721e29a1fdc1e52bd,13378392.95,3515526.73
清江路208号,1295,b66165b075f1ad1ef21937da,13381167.06,3513654.82
中河中路230号,1298,e620324c7d45892c22f017e3,13378392.62,3515447.49
望江路68号,1296,36f8ab78e4129ab180a00ce7,13379433.69,3512734.29
诗园弄西,1301,242b6a41aa45ba3b4354d79f,13381522.95,3512042.4
中河中路68号,1299,e75694ac57b06f7c7c29bd17,13378464.31,3513787.91
青年路19号15,1303,bd6ea66dd8558b95601809f6,13377991.53,3514566.19
浣纱路200号,1300,421439dd386e2621a3acc4d6,13377788.48,3515039.85
解放路148号,1304,873c1af5d83e32f828201a5e,13378222.74,3514831.99
河坊街12号,1302,ae70fa069e4d7c43d518b7bb,13378998.65,3513324.94
解放路89号,1306,916ee077e56e35332811d1ee,13379098.95,3514759.03
近江小公园,1308,703410ef6630455c018972dc,13381405.29,3512487.25
中河中路鼓楼堂,1307,9bf731dda9fd01edc1f1cfb7,13378352.99,3513263.01
近江家园三园,1312,c15904b1634371db0b1cc71e,13381639.95,3512201.11
富春路一九六号,1309,aca9c38e5ee08b1081a12e2f,13381512.49,3512610.96
鉴衡里11号对面,1310,4604a666b1ea2ea13062127b,13377630.63,3514526.82
侯潮路钱江路口,1311,25f6c29a12008fab9b68b4c5,13379822.75,3511269.79
富春路甬江路东南,1315,40f325166fd1338a6f3e1b5b,13380327.04,3511285.68
长途汽车南站,1317,f0437f030d9761313686f44c,13380304.1,3512907.37
康都房产,1314,19c971c0bc037e86441a3244,13379594.88,3512024.07
上城区关怀医院,1318,52e25d84de1c304831169b3e,13378882.32,3510866
望江家园东园三七幢,1316,097db11532aa9e3b5abbbcb2,13380458.84,3512572.89
建中小区,1321,2f346390649462e300ff2df4,13379232.09,3514386.17
冠盛大厦,1319,77a363f0c6fdeae60e3dda34,13380626.38,3511977.15
衢江路望江街道,1322,0a4bdf41454c70c2c1f1cf24,13381270.03,3512916.85
丰乐歌舞厅,1320,0328807232dd16f10a69d918,13378444.27,3514836.61
清泰街建国中路口,1326,0f7132f80977000a1d1d11e9,13379248.34,3514345.65
解放路佑圣观路口,1323,45f6c86f6619072988db7383,13378790.92,3514789.55
望江路胡雪岩故居,1324,a8541495058bc088e81e97a2,13378454.4,3513140.83
清泰立交南侧,1327,0af5dffdbdc986b22a02e127,13379544.34,3514358.73
中河中路河坊街路口,1328,11db413091918779f4eafcf9,13378388.5,3513534.82
体育用品市场,1330,e0d3db6c8ba518653fe23143,13378384.04,3513738.03
西湖大道柴垛桥,1325,d49c5d5ccaad35a42d473380,13378468.43,3514158.71
中河中路高银街口,1331,4f1d92765e8b989cc5f50d58,13378376.14,3513418.27
公交耀江大厦,1329,d8f063e788efc15981a12ec3,13378238.66,3514186.14
公交吴山广场站,1333,449a4dbf20066ba3b13c8130,13377518.53,3513534.05
华光路三元地口,1334,a09e0ad82abc265fc4f02559,13377778.68,3513730.47
久园弄,1332,dac1e4a9d182f24088fc06a8,13381154.93,3512700.19
四宜路师小,1335,b38bb320be9e9a6a09b93a27,13377256.37,3513269.68
四宜路清波街口,1336,b9318967eb4ddf4bdb131826,13377291.88,3513218.78
劳动路变电所,1338,f57af22daf06aeafcf06a4ee,13377278.3,3513559.56
省妇保西门.,1337,af99c53680348d4e08f5eb7f,13377942.99,3515730.37
建国中路239号,1341,68bb16cf92a8801779dbd27e,13379056.53,3514001.13
复兴路一百六十五号,1339,13d6e9a4562ebc37b64f54ab,13377750.41,3509820.58
复兴路433号,1343,f160223803516b5602897204,13376364.8,3508998.64
复兴路317号,1340,4f082dcc376bbe3914c8f695,13377150.95,3509459.27
公交80路钱江路望江东路站,1345,0751a1692fdd552441d63e34,13380327.26,3511990.61
秋涛路198号,1344,61148e353dde553d33169bf5,13379758.74,3512231.49
环城东路22号,1346,60881c5ae8add68a2b3a9fc9,13379965.69,3514797.89
中河中路平海路,1347,7344b804f8076637b120a832,13378316.36,3515330.8
复兴路47-49号,1348,f959beeadc2e58573586f4ff,13378393.51,3510254.2
江城路307号,1350,248a21cf4ca6505aa3acc407,13378442.04,3511882.8
建国中路六号,1349,6407f9944ea915be4f6d46ea,13379233.31,3514471.95
凤凰山南复路口,1354,33e72b720c9a1fab49fc8d1b,13376305.46,3509443.89
海潮路29-2号,1351,20098f4b0496fa5d93114c2e,13379487.46,3512637.24
富春路闻潮路口,1353,d71d2e15a5063176c41b75f8,13380346.29,3511779.22
仁和路惠兴路口西北角,1358,9ef48ee6f5514c7cfda778da,13377915.83,3515115.37
清泰南苑二幢,1357,3a7fb9501277defe78f796ed,13379983.5,3514069.34
光复路166号,1361,fe538e3a059d5389a4c756e4,13378188.57,3515179.1
江城路881号,1359,86075e835a491880223bf2c8,13379260.03,3513761.88
西湖国贸大厦,1360,6ecd154c9702469a0a5cb35a,13379255.8,3514044.59
之江路复兴大桥西侧,1363,99d0965ad58b3e6a128824ce,13378783.13,3509888.64
秋涛支路清江路,1364,4e5f6d2bf6299136047ce886,13381080.01,3513839.19
之江路婺江路口,1366,f9c597c3dd83a91061685804,13381704.63,3511891.13
之江路复兴大桥东侧,1362,548f801a99e63b823be4a635,13378889.22,3509954.27
望江新园,1370,bc8870adffbc993a9f09f76a,13379940.31,3512657.63
钱江路望江东路口,1365,d466a51b2c3e445a6f3e1b01,13380467.63,3512162.65
之江路紫花路北,1371,668bc8857288ac4e8605bf34,13378507.61,3509719.58
解放路1号,1373,41847ea6042140a194031966,13379832.33,3514590.55
解放路50号,1374,6f5a11dac24128c44207c1a2,13379442.48,3514748.78
解放路大学路口,1375,7010e02cf5d834bd0482c25b,13379484.12,3514744.55
四维里二弄,1380,196e7ef3c53ed9cab35c6ad4,13379010.11,3514145.63
大学路91号1,1379,fd8c7d0f6d409ef6c61e510f,13379566.94,3515490.96
马市街220号,1395,c0d8eb447c3ac2b3d13ce3af,13378841.13,3515641.63
石祥东路1726号,2384,8c4f23adf902983a17764311,13381208.25,3525228.28
天水桥,2003,e89562f02b543101db1318ed,13377815.2,3517760.98
公交总公司,2004,05d06855f356eba1c8213d90,13379787.46,3518023.52
公交三公司,2001,c5aa998c11c2d4de246e98b6,13377439.82,3521950.61
艮山门,2006,3cbfa6a50b724e240b1cc702,13378835.56,3517824.47
交警支队,2005,5e412462031acba22fe67bf7,13377396.52,3518688.94
绍兴支路,2009,0cc748eb2ed20f2081288a8c,13379336.73,3518557.98
公交总公司南,2007,c9c08420d0d13d4ead0457d7,13379963.57,3517806.39
和平小区自行车租赁店,2008,f2b96bedcaa7f2627169d3e6,13378867.07,3518398.94
朝晖路南自行车子租赁点,2010,c408f7fc6ca188fd8b2fb553,13378492.14,3518378.8
朝晖公园,2013,591c378fe84b9f4b9a00507a,13377748.63,3519272.17
长板巷,2014,02f3cf4e7ee56a81b34c49e4,13376537.23,3519934.83
和平家私城,2015,d6b453ebee62fdd79f09f727,13378949.11,3519787.06
潮王支路,2016,56f0155971526f931ef74dc1,13376602.36,3519883.39
朝晖三区,2019,6a2e877a0034fe98882fb589,13377335.96,3519149.03
城东公园,2018,cfb857dd93a1945c882fb580,13380128.11,3517147.94
文晖路南,2022,a8fb0cf90dfcce6091114cff,13378266.6,3518789.37
打铁关,2023,9d66b361033b89d9a4c756ab,13379025.92,3519850.94
文晖大桥西,2021,dbd4684d7c3e9603f21937ee,13378774.34,3518833.36
市体育馆,2026,41f8546b20c0c7f1ca291540,13378390.61,3517245.15
朝晖二区,2024,8013ca5c2b322bf139e4a657,13377960.02,3519035.38
万向公园,2025,4f9bd9afc3c526db4251c039,13376799.73,3517416.37
德胜路北,2027,15408fe8ae2ebc064107c10e,13378551.58,3521231.65
绍兴路口,2028,1c0c9551cd50e5b01f38941f,13378244.89,3520479.12
杭高,2033,5d19ff61874e870afb2d6199,13378300.89,3516722.93
梅登高桥,2032,3cd87e2fd8c3b8fb2d473361,13378288.87,3516976.99
龙游路口,2031,2797fb53803e5cb1db13184d,13376788.6,3516317.95
红会医院东,2037,3e1aaccaa7df9ab1c91b950a,13380104.39,3516568.53
莫衙营,2036,a0b1e78276dd2f057adbd2ff,13379220.73,3517541.16
德苑路西,2034,7e96a92de5d297c0adb22ae7,13377204.71,3520669.49
东园街,2035,84b3946a260471ca420245f1,13379350.09,3516945.44
庆春门,2038,dff3cad8e9be626d3a13fd85,13380105.62,3515756.53
新华路点,2042,66f31e37622e04e2250bd099,13378813.74,3516099.94
武林广场,2040,e86acf6b944943a009b93abe,13377651.11,3517361.86
华丰村,2046,c7c3eb63c85b64696f4760f4,13381736.47,3526040
北景芳洲苑,2043,59ee3c09938d84c32b3a9fed,13379929.96,3525263.18
北景园小区,2045,a232a061114beb8db817e77a,13379636.07,3525782.42
回龙路西,2044,fcc37045190cbdd672210b8f,13379950.1,3525666.54
华丰路,2047,d4d8a53a739bcb8ac056ac67,13381556.02,3526323.38
北景园公交站,2048,0e7a7dcf0fc88774d62ce2ad,13379581.74,3526125.09
三塘北村,2051,5c11d06415f18bd016a190df,13377793.27,3522141.26
永安路口,2050,c16a82826076ab71ab0dd8ad,13379922.16,3526156.15
景安社区,2053,15c590f76dc48445cb09f007,13379659.78,3525360.71
青春中学,2056,f6f1a52c25066e6a77026902,13379918.38,3516561.99
仙林直街,2058,d0f4506af2adae6e45572633,13378180.11,3516046.72
诚信大厦,2057,ee68d4ede1ab55049d9d68b2,13379360.22,3516522.75
屏风街,2059,fe1b22c265eead0dc4f02547,13378203.93,3516928.64
十四中,2060,e269d70bd426fb9ef4eafc47,13376906.37,3516559.55
孝丰路口,2061,5dc246b4d809acf7ad080f04,13376612.15,3516962.5
康宁路,2067,c6e9478b61fb581eb21e36e5,13381512.05,3525648.18
石桥路口,2066,e61f5fb6e50af864c829154d,13380679.92,3526210.05
小公共公司,2070,83ca541c77576e9c9e9d687c,13382361.76,3526244.32
公交石桥修理厂,2071,46586797cb85c15ef942b291,13382391.81,3525946.44
朝晖路口,2072,68dfeaf24726c003e115f9a1,13378098.28,3518380.98
杭州日报,2073,5178d98bf058acb9d518b7c0,13378216.17,3517456.64
西湖大道南,2075,3a5188e435295b486c47603b,13378343.3,3514164.22
浙江日报,2074,c0b8db2c35d20be15b10939d,13378742.5,3517238.61
流水东苑,2076,5d3d6033621885d99cec2be3,13379877.86,3518246.18
杨泊巷,2078,36ce0785b89f4f2d6168586e,13376428.7,3520230.77
商校点,2077,695ddaa109fc9967da2f284e,13376691.52,3520421.01
杭玻路回龙路口,2079,4a57e4d298cd518b4151c086,13380105.84,3526691.21
运河魂码头,2085,7794bd3bdb31bf16b75f1e54,13379081.47,3517933.74
施家桥,2086,07200da11d8c2e2e15c9058b,13378245.67,3517999.54
三塘竹园,2089,a9c767a48277a6c3047ce841,13378487.02,3522167.43
三塘苑,2092,8a6db2d0737abed9b7265551,13378141.59,3522285.08
水印康庭,2091,bf6d992ba4e25373f6c59c2f,13377755.53,3523398.4
再行路,2094,5d45f5e8933f55eedf1e523c,13378267.38,3521578.81
东新园南门,2093,588debab990a5fe26240a9e3,13379227.08,3522220.04
6路站,2098,13b8e40074500f889de321f0,13379719.78,3521650.14
颜家村,2095,b9b2c2c0269c5e5ea8175a18,13378666.35,3522946.11
明珠集团号自行车,2100,95fe7f44fb4e5301b13c8123,13380448.15,3525021.54
三塘汶苑,2099,a7d5ac6ed6998d88d618b790,13378256.81,3521697.61
市民公园,2097,367f747de3a6e6088c55ec2a,13376699.99,3517757.9
华贸鞋城门口,2102,54b1db0b33e1ad305ed4fe08,13377061.78,3517759.32
建国路环城北路口,2101,afd61f9e01d95a79902ca300,13379110.52,3517848.58
流水苑309起点站,2103,6f97527def5509b551e5c548,13379311.79,3518860.17
庆春电影大世界,2107,47c48e0121de93f430169ba7,13378916.05,3515777.3
长城机电,2106,f8adac2d9762a6e672455b44,13379350.98,3521530.06
金秋大厦,2105,3cd6a3a97917a339e60738e6,13379159.73,3515772.68
体育场路中河北路口,2104,f6de00b3387da64396f08c7e,13378263.82,3517298.12
刀矛巷庆春路口,2110,c334b83d9a3806fd04026f2a,13379872.07,3515782.69
武林广场北,2112,6e5ef2512011e685f7eafca8,13377623.5,3517798.3
喜得宝,2111,e487043cee79882b9d95dea0,13379397.4,3517880.9
公交卫生院,2109,86ea5cc16358f809d12dd641,13379193.68,3517946.18
三塘小区12路站,2113,8b1582859f62f1464151c0c9,13377973.27,3522064.02
广电集团,2114,fca585ea83eba26ab1077d5d,13378987.29,3517925.28
文晖桥东,2115,c27058819916d6416f3e1b5c,13379295.09,3518945.47
下城分局,2116,66fab8ab67c6ec778b2fb507,13380096.71,3517058.17
白鹿鞋城,2117,5387abce49a5f00c85420e72,13376888.01,3517674.92
永天实验小学,2119,2221c58bc28a228202294f85,13379548.79,3517510.12
体东社区,2118,7c4a21736249ffdc0ab93add,13379403.74,3517534.87
石桥路站,2121,992d442f306aaed05e0d0287,13380796.03,3524866
纺机厂站,2122,7410ee981027200f81a12e63,13380734.58,3524369.25
杨家村北,2123,81aa0ba64a4a1945b04c4929,13380540.99,3524164.2
健康路8号自行车租赁,2127,18909bc8a0deb6101c38943e,13379035.94,3517012
白马大厦,2126,5956af615468dabbc9291566,13376921.51,3517985.94
凤起路333号,2131,937523b7175643233617dc04,13378130.12,3516599.56
朝晖四区,2134,d2e9c56dabedb66e73210b37,13377968.71,3519527.56
外文书店,2133,95e64c205182b3afb4265519,13377582.2,3516574.69
中北桥东,2135,08d3eafccbf3e44f276e982f,13377810.3,3517810.49
刀茅巷市场,2136,a980fd5286f84184932ca358,13379953.44,3516248.06
浙江宝石研究所,2138,5f1ae6603413bced5bf6be75,13377770.45,3516562.25
望湖宾馆,2137,b8f20127cf125be8ca1b95df,13376883.66,3515876.17
和乐苑,2139,211a58165abe87f4931fc9bb,13377068.79,3516510.56
省人民医院,2142,e06b046a4e68eece35b06c0a,13377814.97,3519290.77
凤起路196号自行车租赁,2140,ce51538008e91fb79d9d68cc,13378571.84,3516633.8
工商之江支行,2141,d21dce59236b27bd05fef575,13379028.93,3516630.09
上塘路消防中队,2143,d509b829f8ab2a20c03644f5,13377522.42,3519650.7
肛泰医院,2144,19f527d8bf0326576240a9b5,13379123.77,3520385.35
铁路货运中心,2147,e788aac9b6c019c535b06c7c,13379245,3519277.17
浙江交通集团,2146,09a3ceb0b8da187c0c0e6b65,13377465.54,3518673.93
农都市场,2145,7086a0ff3c9566cb60685823,13380669.79,3521742
绍兴路390号,2149,834c4fe210391cf8bea240f9,13377678.05,3521266.93
朝晖2号码头,2153,1e512199330688efa8f7293b,13378355.1,3519565.65
东新路533号,2150,93a7e03564f39bcc4afd3fd6,13378733.7,3522408.51
文晖大桥西2,2151,0709fe2e2ee896875bf6be3f,13379143.7,3518934.82
朝晖1号码头自行车租赁店,2152,740b3021e1006651ca1b954f,13378426.46,3519609.4
水印康庭一号楼,2158,bccb0f0ba3398098373a71ff,13378123.33,3523225.05
甘长村,2160,b42ddcb346ee54d81088247a,13379070.45,3525083.39
水印康庭路口,2159,60c8bb78cef3904e6cc02c0a,13377606.47,3523154.35
石桥卫生院,2161,7e5c99023a1aa51622f01711,13380810.84,3524537.61
灯芯巷,2165,79637f057973764e0869d942,13377310.25,3516670.87
仓河下30号,2163,c19791918c57ee72bbbd63ef,13379100.06,3517393.54
朝晖路南上塘路口,2164,1919d1bd3c11a3681ef74daf,13378212.83,3518294.66
长城机电西,2169,f8adac2d9762a6e672455b44,13379350.98,3521530.06
石桥路康宁街口,2167,776df8c36da8a762c72ba124,13380786.68,3525565.28
公交停车场,2171,8c7a4dd4bed582e0adb22aaf,13382237.08,3526305.79
景成幼儿园,2168,2fa53d169c1f94f63913fd7e,13380221.17,3526187.33
华丰东苑,2172,f10265bb6db1d36325e0a0f1,13381762.52,3526135.36
杭州轴承厂,2175,5a346e0e87b770f3d72ce299,13380732.58,3525807.06
灯塔新村,2177,0a3ab09294e3cf3cb34c49df,13378107.97,3522467.27
杭轴研究中心,2173,fb49b2772eea19c54657268c,13380975.37,3526226.99
求知小学,2174,2e5c335a8312c6ea8bf15d7a,13381178.08,3525587.87
永波街119号,2178,bb0f383d03f597f5e5073897,13380168.18,3526430.67
永佳苑,2182,a0c132acde249eb225d2bba5,13380260.24,3526767.32
胜利社区服务中心,2183,dbf87cc6d3ae0076d8eced62,13379876.97,3521626.92
江心岛实验小学,2179,96946f012bb00acdce04ef29,13380400.06,3521202.01
德胜路东新路口,2187,e6bb91b7fe191ac314c8f680,13379008.78,3521425.11
三里家园,2184,4c393c9b33cf151182a12e5e,13380401.29,3521275.14
石桥公交站,2185,d8401973808541f14c3a5910,13380716.1,3524796.58
永佳南苑,2189,2946a5220186a6317ab55c82,13380497.25,3526693.27
德胜路石桥路口北,2186,f8ad8f59f1d166c82fb17e83,13380640.4,3521776
石桥南苑,2188,3242723a60cdba2d0d3dda50,13380531.87,3524964.3
三塘汶苑,2190,a7d5ac6ed6998d88d618b790,13378256.81,3521697.61
杭州档案馆,2191,17c0ecf23c17329e5d17c30e,13378788.92,3522131.12
公交三公司东门,2192,426a3c56068df9cb3062125d,13377505.06,3522155.12
石桥路杨家村站,2194,d39ce9a0721c27fb93114cc2,13380764.3,3523356.83
长浜路45号,2193,83b64bfb45ec94ebcbfa5f4a,13379585.53,3522248.9
祥和人家,2196,a3399e676416e0ed4e776ec5,13379586.09,3525812.97
石桥百货,2198,71af8973e710f191f82d6143,13379998.64,3524953.01
好来登大酒店,2199,be7d6972e85fb17f9de321fa,13377758.09,3521986.02
现代大酒店,2202,74f01257428a45b66240a9e9,13378521.3,3520134.56
荷风苑,2201,631e3d1593ecd7d2f4eafcd0,13379686.94,3525594.67
现代雅苑,2203,deb90c177a7ec32da0a934bf,13378353.43,3520339.29
焦家村公交站,2204,f32075ea091cfdff39e4a603,13379131.9,3519361.32
东新路绍兴路,2205,c9fed7e732d335ee715e80c2,13378937.75,3519529.1
和平苑社区,2206,fe58c10ff504ff4b0869d903,13378912.37,3519021.79
文晖路绍兴路口,2207,cf3c214a884cb2bb130daa9b,13378674.93,3518869.79
树园小区,2209,584d54ad9a63bf4e14b54bc5,13379590.65,3517194.75
米兰公寓,2212,94acffb933ec25cd33169b78,13379895.89,3515976.58
石板巷新村,2210,a496edd5685821d24c3a59b1,13379611.36,3516650.6
东园1幢,2211,969401538a3edaae4d776eee,13379947.99,3516730.24
环城北路环城东路口,2215,4a1e5a56f0a7a9ab9e82eaaf,13379836.56,3517925.41
刀茅巷小学,2213,ec32a108ae0066250c0e6be0,13379646.98,3516358.73
西湖文化广场,2217,d72bd1d067494147740269c2,13377402.64,3517801.38
密渡桥路湖墅南路,2216,53b27bf5c1dd71d6931fc9ec,13376656.57,3517991.2
长庆街42号,2220,e23dcfe9a2d6f5f371210b6b,13378500.26,3516089.17
城东公园,2221,6c2a0c4344ad97cd45e27413,13379953.11,3517935.28
建国路101号,2222,ba72d552a0cc0d54ae045770,13379315.8,3516177.65
永佳东苑,2223,b24b40ab21d6e821f03cbae6,13380842.56,3527000.02
长春小学,2228,b3f656ff663298d5581093c4,13378217.95,3521752.13
载歌巷三塘沁园,2225,3389f54b40949fbd28b97c1c,13378476,3522071.85
文野巷13号,2226,851456b16cb5b6ff48cc4a95,13378497.37,3521793.06
再行路264号,2227,f099e0e8c8991eb7931fc9ef,13378209.72,3521955.48
海华广场,2230,f8fac8c7ff9824ea29d7ab30,13379246.11,3517865.13
开元职高,2229,3976fb732ad62d7ef90cadf4,13378217.84,3521572.39
环城北路177号,2233,db6db733404b4cc4deee8bd9,13377914.05,3517770.99
环城北路工商银行,2232,0582f2508ae4d28433169b96,13379705.87,3517906.42
环城北路267号,2234,007df4a84dceb5c73f9a5ee7,13378722.13,3517817.41
艮园小区,2236,f486d2e7fa9b06e7095cb36f,13379971.37,3517142.04
公交总公司,2231,42cc2737c4dc9e0f3010afaa,13379611.47,3517895.27
机床集团,2235,a1d7bf13d49d262c3c9a5e2b,13380079.68,3516274.22
环城北路288号,2237,af5799829b700030fe0eb009,13376936.76,3517746.62
德胜路绍兴路口,2243,8bc758558e3e14acf6c59cc8,13377854.27,3520954.29
杭州电视台,2242,c74e88f2d236b63e940319e5,13378864.95,3517916.68
打铁关加油站,2246,9d66b361033b89d9a4c756ab,13379025.92,3519850.94
环城北路191号,2248,72d390b00cab2ae2c9e33cfa,13377663.58,3517748.8
德胜路426号,2250,c8de803a9662d41f27e0a081,13379471.76,3521567.77
德胜路482号,2251,ed373cf586e0493bcd04ef9b,13379208.93,3521489.51
德胜路10号,2252,f302058c8710be991d580017,13378657.67,3521275.78
体育场路一百二十五号,2254,aff536e7bbbcd5e886420e34,13378855.93,3517238.61
体育场路209号,2255,bdc3dfc482f2f9db5b10930a,13378301.56,3517243.61
石桥路石祥路口99路公交站,2261,3cca9c039e0ff6acf60e7724,13380703.86,3525369.57
石祥路石桥路口,2263,2c3b82869bffedf4b64f540b,13380838.11,3525080.31
永祥街129号,2265,4ed8678fd7076e87f7231032,13379975.37,3526734.34
永清路196号对面,2264,c63cf7ed0326220715948e0f,13379640.86,3526148.45
东新路1106路,2268,888236178c4e02f93617dc7f,13380078.23,3526138.31
东新路汽轮西路,2269,6f266af46ff24f0189fc06a2,13380248,3526086.2
北景月桂苑,2270,eec01543cab6f63d3586f41f,13380257.35,3526655.92
华悦大厦,2272,5cbd0c89877ee6bad92f2882,13382075.77,3526343.4
嘉里桦枫居,2276,48ee88c7b754a3d2db1318fd,13381070.77,3526301.69
中巴公司,2277,aafc6e0996e09973a9f0cdb8,13382487.44,3526309.64
艮山公园南,2279,b7aee2bc79a732b52fb17e83,13379981.5,3518001.46
朝晖路二十号,2280,4bf0744b5388d3bf80a00c13,13379623.16,3518447.29
延安路百井坊巷口,2282,1c1d5682e2f98fc79a00505a,13377471.44,3516819.37
上塘路朝晖路口自行车租赁店,2285,7f35b5e0b65beeea00ec01fe,13378126.67,3518171.66
浙工大游泳馆,2281,4a9aec5c06f6de1a6268588a,13377359.67,3520057.85
东新路延伸路,2286,bbea4970c367e2f628d7abcd,13380272.04,3526150.11
回龙路165号,2288,565aabd2f0426e9a80a00c80,13379945.87,3525855.19
水印康庭5幢,2290,547211d0d90c82b445572664,13377989.41,3523228.65
城北体育馆,2289,c288204bffffafd8095cb3ce,13377546.69,3522613.67
永潮街130号,2294,750a3211a1e0132217b54b08,13379832.66,3525741.23
北景莲趣苑,2293,d54e1dc6896a589c15c90531,13380114.75,3525768.18
永清路103号,2298,c14016f118bfb4957ab55c6b,13379687.5,3525794.36
重工路白石路,2300,15699d94033e7736abf7290d,13377687.07,3523203.63
水印康庭1幢,2299,4796a92a1347cc9cae31e5d6,13378086.71,3523182.84
香积寺路162号,2305,5d378a88d11f94036c47602b,13377846.48,3522040.55
金属材料市场,2303,34a6d4b76e114bcd48cc4abd,13378453.29,3523755.76
茉莉花大酒店,2304,be959bc481b7f8c63417dcb1,13378114.31,3522412.87
北景菊香苑,2302,6941b0ee0eb2f6eac056ac40,13379817.63,3526075.93
香积寺路一十五号,2308,a355eefbe3a3deec88b988ba,13377943.33,3522019.5
永潮街四二号,2309,bae3ad17c89454d79e82ea3e,13379504.6,3525787.56
东新路石祥路东南角,2306,7932c20cbd522976c03644d2,13378372.47,3524405.44
再行里三塘汶苑,2307,d65f7049332725dacd04ef4e,13378422.78,3521645.14
杭州科技馆,2310,66fc3c8f7331e208f23cba52,13377404.76,3516726.52
延安新村社区,2311,47bb91973862f95d20022058,13377630.74,3516877.21
屏风街29号,2312,3e021ca9678d166df03cbadf,13378091.61,3516920.56
体育场路四百零九号,2317,03abf530798265a65cbe86e9,13376669.15,3517392.51
体育场路武林路口,2318,9454098c41068d56adb22a9a,13376844.48,3517354.17
延安路庆春路路口,2315,8300a12d8f5a98a854bfff19,13377485.58,3515840.01
延安路四六四号凤起路口,2316,7d9db383ffd8043471455bfb,13377450.62,3516565.2
刀矛巷169号,2321,7a689915032ad03ec909f051,13379977.04,3516626.62
东新路绍兴路西北角,2325,2e3c9b42c2b749554f6d461d,13378892.89,3519625.17
建国北路503号,2324,740e823bb2a909a9dbd89100,13379269.04,3517151.28
庆春路90号,2322,3983003d6f814adace04ef2f,13378696.97,3515779.1
庆春路100号,2323,5f1240f44b4919c05d17c3e1,13378555.48,3515779.48
朝晖路73号,2326,5f3361dffbf810074e2fdf3d,13379209.15,3518443.57
刀茅巷151号,2327,ae2057f87a88f2e76fc02c9d,13379967.69,3516378.48
建国北路629号,2331,ca43106912a6ce2808ccddc0,13379180.43,3517731.61
凤起路70号,2329,104130eb461a729eb8bd637f,13379485.12,3516603.92
文晖路上塘路西北角,2332,1aa526585ecadfed51e5c51c,13378002.99,3518816.05
公交浙工大站,2333,ab03eafe124c04187069d3cc,13377612.93,3519882.24
凤起路丝绸城,2334,40b2d03b51823a4af4b91648,13378806.51,3516642.91
杭高二,2336,3fb1863908e165ad8a36ee53,13378294.88,3516851.82
体育场路三百七十,2337,56eacdb7ecee9c2f3586f41b,13377169.54,3517390.85
东新园北门,2338,d36590e955753abec9c3db6c,13379157.06,3522985.37
东新路工业品市场北门,2339,8ab6ce73ef76aaa6f6c59ce6,13378745.73,3523833.39
回龙路226号,2341,0734fa3eedede4e5c9c3db0e,13379953.67,3526046.16
石祥路48号,2343,e17eb112dbf3414040ab9a58,13380323.03,3524984.96
莫衙营152,2344,b748cdcd244ae7f52fb96d2c,13379839.56,3517686.34
莫衙营建国路口,2346,2368a0fc87b3027cc2f1cfbc,13379279.29,3517520.89
莫衙营环城东路,2345,5f4fc7e6c9ca5db49b68b4d2,13379940.64,3517663.64
东新路延伸段六塘坟漾桥,2349,ca230d006b28eeaed8eceda6,13378715.67,3525074.92
东新路石祥路口,2347,4221269105f032edc91b951c,13378377.37,3524479.87
兰通贸易中心1号西楼,2351,eebc44377bc6f69c8e55eca2,13379114.75,3525630.73
丰禾西苑99号,2350,fba253e73edf52b0283a9f72,13378932.3,3525377.14
东新路延伸段,2355,a220344def0fa9c6d1f49eee,13378374.69,3524597.67
兰通贸易中心5号楼,2352,5eccabca46d2f22b6c3e1ba2,13379274.05,3525849.93
兰通贸易中心7号西楼,2353,e7b9d35eef4f30a4c236444e,13379363.56,3525962.87
兰通贸易中心2号西楼,2358,03e73addbc42658281a12e35,13379112.97,3525694.26
石桥路杨家路口,2359,a24e5b5742f041544207c1c2,13380821.63,3524186.78
文晖路一百零八号,2360,35f88ea01579e0863fe231e6,13378803.95,3518885.57
文晖路一百八十三号,2361,a41d6670dfad0c77f02d830b,13378375.7,3518789.88
绍兴路三百六十号杭州申华,2363,de99cf4cafedc5fcf942b20f,13377797.05,3521110.8
绍兴路三百零七号,2364,9a3d412c9c775a735e0d02d4,13378175.21,3520565.46
文晖路东新路口东北角,2362,2c957b50e8ae222f1c389451,13378981.28,3518900.96
三里家园,2367,44a90d6dd47d39baca2915b0,13380573.28,3521125.94
杨家路杨家春晓,2369,464bebdb7480e51688b98863,13381203.58,3524734.08
三塘竹园三幢,2366,a69d2437d6e3cc5e59bbbc94,13378527.98,3522315.11
绍兴路公交加油站,2365,9f39d11b6907c4807bb55c55,13377191.8,3521877.09
杨家路新俞路口东北角,2368,0d731ec6df7b46802ce67b66,13381282.17,3524238.88
武林广场北,2371,6b78e9bd22f6202f8505bf6c,13377333.73,3517709.94
北景芳洲苑9幢,2373,81ed6864c1d03bdb79b55c8f,13379700.97,3525482.12
北景水镜苑,2374,bfceb560b09640138936ee40,13379443.82,3525425.52
北景荷花苑9幢,2375,691ba6835aad2cbcf11937ef,13379440.7,3525684.76
永清路回龙路口,2376,4901156ba4b70c42bd4842b4,13379876.19,3525171.42
竹清路122号,2378,cc5e80cd378753cb43ab9a0f,13380159.94,3525953.88
石桥路261号,2380,8ba7171f09e64f83b5147fd2,13380748.61,3524017.4
石祥路石桥路西南角,2379,b7840df3ff50d209581093ff,13380694.28,3525034.11
石祥东路1726号对面,2383,dbc1ab5459c1feb417b54b35,13381176.08,3525183.36
石桥路互通立交桥下,2382,4b8f56e7d838b0ee6cc02c8d,13380729.13,3524928.37
石祥东路1726号,2384,8c4f23adf902983a17764311,13381208.25,3525228.28
石桥路石祥路东北角,2385,6ad9a080b6653ef2d618b7f7,13380805.72,3525274.22
临丁路石桥路东南角,2386,c3ee983fcef94af6ebe5829a,13380610.79,3527247.22
临丁路石桥路东北角,2387,6743170c6053f824ae045700,13380609.79,3527286.5
临丁路华西路口,2389,e9069cc99ebf1caa5b109391,13380926.94,3527290.48
杭氧宿舍,2391,7c65512a8a00ffa9bd484247,13379036.83,3521140.31
石桥路龙村站旁,2390,7195b338dbe37c435e17c33b,13380588.53,3527103.6
朝晖路绍兴支路加油站,2393,cb47abbe640fe55407026f26,13379310.46,3518519.25
文晖路213号,2395,7ac5e6314aa53c5edc1e52bc,13378098.17,3518777.83
朝晖路122号,2392,03936c4ca251650cca09f0c5,13378736.37,3518416.25
重工路水印康庭16幢,2394,1b0e02e9abb25f3aa1d23095,13377706.66,3523239.81
白石巷灯塔景园12幢,2400,8b7678c64f54e4791b11d526,13377600.24,3522754.93
绍兴路支路开元职高,2401,705e166021f3653d4307c1a8,13379308.79,3518733.7
石祥路东新路东南面,2404,3e98a010b84462d43c9a5efc,13378439.04,3524405.7
刀矛巷9号,2402,d2568d7e0b29437f52e5c53a,13379890.99,3515898.35
石桥路康宁路西北面,2403,9937fb415ea0323fe0110337,13380695.73,3525609.94
上塘路长板巷西南处,2408,d6cbd374ed788c219d95de2e,13377271.84,3520059.39
环城东路凤起路东北角,2407,069f69e370deb77bbadf8f17,13380182.21,3516520.82
庆春路四六号,2409,932573cbc99046942efaa707,13379449.16,3515781.53
刀矛巷体育场路,2414,a95204c2f1aeeb7fe6073832,13379959.12,3517324.16
上塘路193号,2416,d5aec8acb78491dcc3364447,13377658.12,3519420.96
上塘路一六九号,2415,356315309f5a2314475726c7,13377799.39,3519192.9
中河北路仙林桥,2420,7f9d18ea5f67a1a22bb97c4a,13378305.12,3516035.95
再行路德胜口,2421,5c4e77a51d900b417d29bd88,13378427.24,3521197.4
永安路回龙路,2427,56e5caa8f2610afcb13c81bf,13379980.83,3526133.69
华丰路华西路口,2428,2e215a4970a4425e3be4a68a,13381072.33,3526254.84
华丰路华中路口,2432,5aa94a134715b495fa42b2a7,13382160.6,3526347.76
华丰工业经济园,2433,2bca230f036653169c09f787,13382587.63,3526346.86
华丰路华东路口,2430,a409bf5dd7643e55f503b8a9,13382349.4,3526346.99
解放东路,3002,88f7a6200895c0b1223bf2a6,13381092.14,3514501.69
凯旋路,3003,998386aceff2cf1c57bfff3d,13380363.22,3514819.17
艮山西路北,3004,a04b3bb2311491d5430245ab,13380694.06,3518086.75
景芳一区,3006,0e9ee6ff6c34dc231a11d59f,13381889.31,3516866.82
闸弄口街道,3005,02842856e665524d4354d7b9,13380440.47,3519807.2
解放东路,3001,88f7a6200895c0b1223bf2a6,13381092.14,3514501.69
天城路口,3010,9740c2b4075b33876cc02c48,13381577.84,3519500.75
艮山支三路,3007,7991f6a38faf8bbf86420e6f,13381107.84,3518301.84
三里亭中心站,3008,72eb5a1962898055ab0dd8cb,13380470.97,3520621.13
闸弄口新村,3009,583697d9f1dc503b4f3a5926,13380597.32,3518023.39
五安路口,3011,75489fc9496d0b042cb17e57,13381250.66,3515054.59
红梅社区,3012,8c7ce70ffc13ba07acb22aa6,13380194.23,3520251.16
秋涛路西,3013,7e4498afd0e403150c0e6b0a,13381090.47,3513598.02
董家苑西门,3014,117233a09b28fa955d0d0241,13379806.28,3519537.69
新风社区,3019,54f8454eb194912cc61e5186,13382235.74,3519639.41
采荷东路口,3021,228bdda7935b83c730870a99,13381973.25,3515442.87
景御路口,3025,f040b1869d2bac5ea80dd870,13382376.12,3516322.44
五福村,3023,417aa4d1cb9d5da086420e3c,13383155.7,3515991.71
采荷新村,3024,c10a5f438a2dc21b3904b1b4,13381522.18,3515577.77
采菱路口,3022,a16bcda8d30dd3a735b06c57,13380397.17,3515508.01
池塘庙路,3030,26d5fd14da3d351e3a04b180,13380099.16,3520684.25
文晖桥东,3028,dc6f9d965a9eb4055e17c3fe,13379864.83,3518961.25
景芳五区,3033,1d300e8e74a2f10a343a71bd,13382446.03,3517372.51
高速交警支队,3032,bf831dfc4fee8940ba17e797,13383285.72,3518535.28
昙花庵路,3038,1822f250d72d2055b6265540,13381876.06,3517645.04
庆春广场,3044,33f9588818d10c82220220c7,13382158.93,3515758.06
天城路,3045,83a7b50294387e8d59bbbc2a,13380350.52,3519095.67
景芳五区路口,3053,8b26001c7e20835ab9df8f6c,13382342.61,3517237.33
庆春东路口,3052,b3606382f0bea0c2ed74f8a6,13382392.59,3515965.93
18路终点站,3058,5f08687a1a12d6e5306212c4,13382060.08,3517407.01
浙江省家电市场,3057,ac08bc6a7cda084dfb2d61f0,13381702.74,3517354.04
景芳5区,3060,863beffd84aea48b90114ce3,13382674.34,3517349.55
,3059,e924c44f30b8946c7bf79643,13383050.5,3517005.97
三里亭苑,3061,72eb5a1962898055ab0dd8cb,13380470.97,3520621.13
公建监控中心,3062,6941df284acfdf074151c090,13380450.05,3520319.28
弄口五组,3079,4f9cb67a4d34fb7cfa42b22d,13381096.93,3521776.77
文晖农贸市场,3087,64cf5913961d6b0c3617dcc3,13379816.96,3519023.58
解放东路四季青儿童精装市场,3089,88f7a6200895c0b1223bf2a6,13381092.14,3514501.69
静安小区,3090,eb41cb6e9b19517c43ab9ab5,13381633.05,3514019.33
太平门直街,3091,2e3e79f8cef798476d3e1ba1,13382830.3,3516205.87
清江路秋涛路口,3093,2ddc493ed12be62cf7c59c0a,13381385.92,3513681.49
运河东路2,3097,5e431ab4a275b79c5b10933c,13383463.5,3518333.01
凯西社区,3098,f7bdd1a31ca498da0bccdd17,13380441.36,3516382.96
凯旋路,3099,048b536fe4a1b534deee8ba1,13380473.87,3516592.13
太平直街双菱路口,3100,5dd0b0c684c2b5a288db736d,13380942.86,3515981.45
安琪儿市场,3104,ee7c88af7237424f74026904,13381425.66,3518299.41
景昙路太平门直街,3102,4a087d54ff90888e2db17e5f,13381806.27,3516096.61
太平门直街景昙路口,3103,8738f410053631ada2a93441,13382006.2,3516115.97
城东派出所,3105,9ea53c1205cc9d93250bd018,13382761.17,3519384.41
艮秋墩04-2,3109,98079c56204df0549868b4d6,13381382.69,3518234.76
艮秋墩西北匝道02,3110,2116458daa6bf8a038e4a685,13381373.01,3518013.78
艮秋墩10-1,3108,f534d5e211747a557f29bd1e,13381506.03,3518013.13
德胜东路机场路口,3111,c7d9b33e6e81b897dc1e52c1,13382578.27,3521888.64
艮山西路,3112,0ecb82ea23a27766631809d2,13381707.08,3518135.11
鸿泰建设,3113,dac3d8a6246c248cb75f1e2f,13382820.17,3521947.02
采荷路41号,3115,98200beeecf4919d6d20b910,13380601.11,3514975.09
机场路肿瘤医院,3119,26335dc5bb05656904026f9a,13380512.83,3518822.08
凯旋路电杆1,3116,73fd61f42c4e7cb1abf72913,13380521.51,3517419.06
凯旋路电杆2,3117,efc127b0ca231f392afc4819,13380526.3,3517290.17
耀江大酒店,3121,c4c5ffb9ab332aac9e9d68cb,13381155.15,3519870.31
机场路机场里街,3118,8741bf6cc20e0dff774ff1c0,13380548.34,3518855.04
一一七医院,3120,1f2e685a227000ad38221cb3,13380852.36,3519453.54
机场路秋涛路口,3122,f939ed751aad8b4402294fd0,13381161.5,3519988.32
沁园雅舍,3123,5c87c804209a4f4bb05c6ae5,13380673.24,3519521.53
采荷路37号,3127,75f5b5709be1239c14764398,13380672.46,3515015.61
机场路一巷路口,3124,ebdddab520ceae147d29bd8c,13380700.41,3519339
安琪儿市场-1,3125,54027ed47957e3ef8e772709,13381511.04,3518262.6
艮山西路,3126,f6d1de1eb5665e6ba31de97d,13380883.42,3518064.82
清泰小区,3131,35071c676218da3e2bb97c8c,13380361.66,3514554.9
太平门直街,3129,798cebe99e4192e3e9f8536c,13381966.9,3516034.03
景芳路景昙路口,3147,099efaecb779c3fa30169bab,13381849.01,3516972.24
景芳路2号,3148,2a868278ea36dffa9ff77968,13382017.89,3516971.6
景芳路3号,3149,162d2ef99d0fcc71d12dd6f1,13382150.91,3516973.91
景芳路凤起路口,3150,10b4a14ef3dcb76383a00c49,13381947.98,3516439.9
京惠花园,3155,8c12dd19212bc4e7ce06a441,13380442.03,3518196.93
商教苑社区,3159,f8b99ad5cc7072b5f60e77dd,13380524.3,3514231.66
中国纺织,3160,d7742ce224d08eba3b221c94,13381156.49,3514554.65
兴业大厦,3157,628727bf143cfd85d6b74e23,13381900.33,3515064.85
人力资源市场,3158,c666603e746339035fd4fe92,13382018.55,3515187.95
艮山西路动物医院,3164,c9f7f08910419e36a6da3981,13381061.31,3518071.23
昙花庵路2,3198,8eb0649146af2aaba80dd866,13381755.95,3517390.46
景坛路景芳2区2,3199,55e6fc5cde8909cf3c9a5ee2,13381883.41,3517107.03
景芳路新塘路口,3202,6a8ac1ab02f5438203ec0116,13382419.2,3516982.25
景芳路2,3200,9eeec7ba47614f2df7c59c1c,13381641.07,3516966.47
三里亭顾家畈红梅社区,3207,055626fd6e1f2be8cac3db17,13380325.03,3520277.85
石大路同协路口1,3208,57e90dce5f072edda2a9345e,13382699.06,3525467.23
凯旋路北口,3205,ad8639e9a8cef9a40c0a70aa,13380510.94,3517764.45
景芳路五福村2,3203,4b90803735607e7eb75f1e6e,13382633.71,3516984.94
采荷新村2,3212,edcc1926eeb045922dfaa7a5,13380545,3515007.28
石大路同协路口2,3209,321f16b84636aa529ee321d3,13382357.64,3525422.83
采荷路59路公交终点站,3214,e9e496a9bcf1d4f421022052,13381286.18,3514972.66
石大路华中路路口,3211,d769235ccf7361fab75f1e66,13381791.13,3525386.89
采荷路秋涛路口,3215,6ce80ce0806d387d37b06ce5,13381436.01,3514968.68
采荷路采荷路口,3213,c9c80bc0ab616de6593ac8b9,13380879.97,3514987.79
钱江路钱江路口,3218,4d66a1f8b46dfc25badf8f60,13381923.49,3513173.78
采荷小区翠柳屯,3217,65be760845db7892c1f1cfe0,13381006.54,3515479.93
采荷小区芙蓉屯,3216,339cbb5774922f03d42ce287,13380974.81,3515211.16
清江路钱江路口,3219,b78acb6291c0ecf9f01937ab,13381680.14,3513370.07
富春路清江路口,3232,5a18e531557ccfdb1df74d26,13382035.92,3513131.98
解放东路钱江路口,3239,38a1354b64d83e88e5e965bf,13382029.13,3514299.36
钱潮路口富春路东,3237,42b4d1c0ad1da4d649fd3fa1,13383822.95,3515548.15
钱江路庆春路口,3242,8f5f3fe80a5fb6493c9a5ef7,13383133.54,3515574.44
艮山西路东方豪生,3246,9ffc9cc4bb3b25844d2fdf3f,13380341.95,3518044.17
艮山西路银河证券,3247,4b190a05ea9cd9ecbd484259,13380365.66,3518006.46
机场路城东桥,3248,1661ace500afb7792efaa721,13380476.65,3518398.42
自来水公司,3249,bc15ffb3fe44feeed92f2880,13380097.05,3514262.56
新塘路99号,3252,a14667a53df1f397a4c75602,13382329.36,3516421.18
艮山西路章家坝站,3256,427679838182f116e6e96550,13383133.99,3518676.24
新塘路202号,3253,675fa6faad9ff988a30464a7,13382301.42,3517126.65
新塘路一百六十四号,3254,e7b0aedf1350688a76e5b6da,13382307.77,3516943.39
艮山西路汽车东站自行车租赁店,3257,f4eb48a0a2f7b97557bfff35,13382683.58,3518482.95
新塘路138号,3255,efa4f2d745a7cdadc26c1404,13382355.19,3516811.29
石桥路农科院,3263,bc69625605ab3b9dcd04efba,13380728.35,3521986.79
三里新城桂苑,3262,18956eb6e14891afc1f1cfd1,13380690.5,3519787.44
顾家畈尧典桥路口,3265,53989282f020b64521026260,13380033.59,3520291.06
景昙路景芳四区,3264,779189ab85126db626e0a088,13381887.64,3517509.09
顾家畈尧典桥路口,3266,9cf9da4bf1218adef6c59c6a,13379936.3,3519904.81
董家桥路机场路一巷路口,3268,580987e68aba32e32afc48a3,13380411.97,3519679.82
董家桥路三里兰苑,3267,6deaa1c4895e5e41d8d891e4,13380071.33,3519668.27
三里亭机场路一巷,3269,6ee072926d53e5328d772792,13380423.55,3519920.33
三里新城竹苑,3270,5f6586b42584818d1c389496,13380406.07,3520067.85
三里新城梅苑,3272,d60ee11b918250cb354aae92,13380923.16,3519987.3
双菱路杭九中,3276,d8e071310974f60eb5f42f71,13381000.19,3516165.21
杭州天杭试验学校,3273,9e10b42b44ebd4b12ce67bae,13380784.68,3520329.54
三里家苑2小区,3274,3b01e8b7faf1a3af00ec01e4,13380325.81,3520935.05
三里亭社区卫生服务站,3275,6653934f1fb59319c42ba10e,13381042.49,3520380.09
明月路杭州市急救中心,3280,dc2e33a93eeb79df621809b2,13384258.88,3521967.54
德胜东路黎明村,3286,578130556fbeb92a21022057,13384057.39,3521966.39
秋涛北路庆春东路口,3292,7f6338ea056fb573a2a9345d,13381510.82,3515816.67
秋涛北路87号,3291,674ece651dc055b14002450a,13381500.25,3516362.96
秋涛北路凤起路口,3299,e0683012b134181b0482c22f,13381489.34,3516533.65
秋涛北路215号,3298,542c6a95e10726ee70455ba8,13381459.95,3517655.81
采荷小区玉屯,3300,ec6bf321f27f67aa9d9d6887,13381528.74,3515397.09
采荷小区青荷屯1幢,3301,3d8a1626a66c804f9d82eae0,13381538.43,3515236.16
秋涛北路9号,3303,b05735209f0d4c2871210b1f,13381540.43,3514937.39
采荷小区青荷屯五幢,3302,d200fee6581cbbd8e856fac6,13381536.31,3515120.63
秋涛北路清江路口,3305,2a85a755ea31ce67591093a2,13381393.15,3513746.24
秋涛北路解放路口,3306,7d31efcd8b01055c9e9d6868,13381541.88,3514496.18
秋涛北路航海路口,3307,4da230450ffb95a32fb96d3a,13381590.08,3514988.56
秋涛北路严家弄车站,3310,d57217c522164a1f057ce82f,13381513.16,3517505.25
秋涛北路110号,3308,8e45894624a16453c8213dcc,13381534.42,3516707.42
秋涛北路农业银行,3311,6c9d498a1f35f1f0d7851fde,13381520.28,3517667.74
秋涛北路牛奶联合公司,3312,5d7d961c6393ee7dcc06a4a6,13381510.93,3517793.94
俞章村公园,3324,bdec1ccd4a2a2970f503b82c,13382484.32,3523933.99
俞章村路四六八,3325,8182aa6bde6f6013f7c59c57,13381465.4,3523964.66
俞章村老年活动中心,3326,5549ff4003d2e49bf03cba30,13382269.81,3523927.45
庆春东路北,3332,1aece2384c7fd36729fc4846,13381839.11,3515754.35
昙花庵路北,3334,e95d28bd945e75dd3517dc30,13381960.56,3517401.36
采荷小区紫藕d,3333,588c79bc6aa3f3ae2ce67beb,13381207.81,3515705.36
秋涛北路78号,3313,0aa7d3dc47fd762edb13185d,13381506.37,3516217.92
景昙路东,3335,f2b45256d4fbf35c57bfff65,13381964.45,3515536.86
双菱新村三十一幢,3342,88f20f21e418ae522db96db4,13380971.03,3515554.17
董家桥路口三里兰苑,3361,fdfaff09c9b8031e4d55471e,13379887.88,3519741.39
德胜东路南笕桥港桥自行车租赁,3366,ccfcc3ff84444ace6c3e1b38,13383124.97,3521905.58
景东路景芳路口西南角,3383,ed3a4ba077708ede7369d323,13382689.37,3517104.59
昙花庵路景东路口东南角,3381,c4edfa969889f9b2d12dd649,13382591.19,3517376.48
景芳路景东路口东北角3,3382,a9dc0a2e47f5a07d3517dce7,13382749.6,3517022.39
钱潮路三百四十八号,3384,15c1bd15ebdf3eafe81e9783,13383088.23,3516342.7
钱潮路凤起东路口东北角,3387,1e7c1b97098aa5fb07026f2c,13383108.5,3516526.34
钱潮路钱江路口西南角,3385,8105c28a0a37c80d2906cef6,13383269.13,3515871.68
钱潮路太平门直街西南角,3386,70a0a352302efa7e8bfc06d2,13383117.62,3516103.28
临丁路新娘娘庙,3388,df7ea3898dd7b871f942b2de,13380914.03,3527340.79
德胜中路,3395,f1234bc996c735935cd4fefa,13383464.05,3521873.76
秋涛北路270号,3399,12ad3d92492e508db64f54cd,13381337.27,3519527.69
亭苑街三里亭路口,3417,60d2acd99e224102d13ce3b2,13380472.64,3520478.48
天城南路175号,3418,ff82587c7dda3a24bea240f8,13381120.42,3519316.42
新塘路皋塘村公交站二东,3422,5a87e8d1a0219259ec74f8af,13382669.34,3519207.78
唐家井路北太平门直街路口,3424,176e55b844a2d4d59fec2b4d,13383156.7,3516116.87
新塘路西49号,3420,9016a1185155bc8c09b93aed,13382331.14,3516261.39
新塘路皋塘村汽配城,3421,dbbbc236c77f716d33621237,13382512.71,3519033.46
石桥路东星,3425,78def6ee1ccd2d86f6b91682,13380951.1,3520813.94
风亭苑,4004,bc54176ad527349f047ce897,13375091.73,3523390.32
大关西一社区,4001,e820e88dc1e434293b221c16,13376218.63,3522184.88
源清中学,4002,012b436c095f48125e0d0221,13376183.79,3524403.77
定海西村,4006,80e957a9e380a2af4afd3fc6,13374834.7,3524427.38
市二医院,4005,1e639ef589518f70f503b870,13375020.38,3524087.59
钱江市场点,4009,6206521dc03ad79b72455b5c,13376390.18,3521345.57
大关路口,4008,75b688d2049db90307fef582,13375696.65,3522526.42
百丈井,4010,97bcee2e0d66ff1002897289,13376512.74,3521100.28
和睦站,4012,ec966a56ff18ad42a8f72919,13372997.01,3522155.12
拱北公交站,4013,a8e60e5bb118e34d5dbe86ab,13375420.69,3524752.3
长征桥社区,4015,0982e128fb984f574d55478b,13373585.01,3522183.86
汽车城南,4018,c90827f61048d605d2f49e7c,13372251.83,3524073.22
金华路东,4020,9aca7da4fa1a0741b21e3670,13375071.47,3523679.41
杭印路,4017,b1f348c4ecb39708fbf0cb26,13372504.53,3524471.78
汽车北站,4022,5effec950026a8e73913fdef,13371848.18,3523650.92
水月苑,4023,3cc8a0ae9165e473a1a93416,13369631.01,3524737.67
三墩路口,4024,71cb569b5324f354fd0eb0c4,13369772.72,3524209.75
泰龙商务大酒店,4025,3ff032b95775ceae36b06c4c,13370111.58,3524475.12
丰庆路,4027,6d85c0676335f12f9122e062,13370273.11,3524066.42
汽车城,4029,830975c077a2dd5242d63eb5,13372415.03,3524624.36
渡驾新村,4030,ff575103cfdb1b0326e0a0d0,13375045.09,3522598.27
湖州路口,4032,0d81a1b07e336d5020022077,13377223.42,3523718.42
湖州路,4035,4e8337a3711751858f55eccd,13376971.83,3524034.85
定海新村,4037,fd24133af95497db49fd3f32,13375441.73,3524584.84
三墩路,4043,b26e2362a02c7e402efaa729,13370550.63,3524587.02
拱宸桥东,4040,7b1d1ea68ed942d43b221ca3,13375525.66,3523790.28
丰庆路翠谷苑,4045,de8e053d2d04f907b05c6a75,13370206.54,3524199.36
丰庆路南,4044,4b7bb3f1d6b78616db131879,13370397.12,3523812.6
杭行路,4046,cca2384dd3d6b67032870a5c,13372753.67,3524037.29
衢州路北,4047,1e55d87a24ddeb5230621264,13373903.83,3524717.4
湖州路西,4048,ca436d752f162e8e26d2bb04,13374072.26,3524270.83
古河巷南,4050,5d59e05f2b3ad741d12dd641,13376379.16,3519233.05
叶青兜路,4049,3b9a61b30e618a5608ccdd75,13376383.5,3518961.5
中策职高,4052,0c4b3baf70478d3d9cec2b22,13375851.94,3520649.35
福利中心,4053,fb2f54a3055c3d97f942b2ce,13373873.33,3522563.12
锦昌文苑,4054,0cee6e0465db0e0f6f3e1b29,13374827.46,3522409.79
信义广场,4051,842a2b9aa5d94627bb17e77a,13375462.1,3520524.66
第二劳动力市场,4055,e5d6ef1ec585682a52e5c524,13375572.08,3521480.79
运河广场,4058,ba42ad7e31fdb441901fc911,13374761.78,3523263.03
紫金家园,4056,ba2c74b4744bc8273804b173,13375259.72,3522393.24
小河直街,4061,7af2d5b3760be1b988f15df6,13374235.46,3522150.11
青莎公园,4060,a6d02f0fdc51006828201a65,13374758.55,3521979.86
北新关码头,4062,333410d2a83792dc49fc8dd6,13374637.99,3521784.46
卖鱼桥码头,4063,eedda6b6d449a9e4a3acc499,13375482.58,3520675.78
富义仓,4064,12be23ba0b683d5715c90533,13375857.62,3520531.84
上塘路石祥路口,4068,6af5eccc35606b2db21e36e7,13375443.73,3525302.84
上塘路人民小学,4067,fce817cdc30755511ff74dab,13375441.84,3524107.22
上塘路永庆弄,4066,99f285f4246727e5902ca3a1,13375397.31,3524544.16
沈塘湾,4072,feefab1447d02eec82a12ece,13376124.01,3521539.81
上塘路吉庆院,4069,a58dd1396cc66fce40afe612,13375487.48,3523674.15
上塘欧尚加油站,4070,35fc9d644b540d60f8f0cbda,13375585.66,3522564.4
上塘路503号,4071,4aeb7f6ff73ccbfa2dfaa73f,13375778.36,3521945.6
上塘路华电弄,4073,3e650edcb62dca9d3f9a5e6f,13377324.38,3520002.05
上塘路工大西,4074,b73d42fc636a9ee5b65f1e51,13377453.18,3519884.03
上塘路通讯市场,4075,ade746de23659a6e2fe67bdd,13376506.18,3521184.57
德胜社区,4076,8221913916024f06c8c3db4b,13376894.8,3520750.7
上塘欧尚超市,4077,6386523c11dbd54f9a0050ee,13375657.13,3522429.94
上塘路百安居,4078,9f70d3b90d9e344171455bf4,13375635.43,3522734.15
上塘路舟山路口,4079,6d13a0c6998e38cf5ebe8678,13375593.9,3523271.37
上塘路968号,4080,d31706609bce25aa246e98a0,13375500.28,3524028.69
上塘路欧尚南,4083,220687d4bb163c4f283a9fa9,13375679.51,3522186.81
瓜山南苑,4081,c90a49238c742948725e8016,13376103.64,3525302.71
香积寺路口,4082,5e717838d674b8c2eee4a56d,13376338.08,3521372
衢州路西,4088,6d0a24fa0d5267e0d13ce3b1,13373859.53,3523877.4
莫干山路616号,4086,e9968c28bcaba20f5f0d0281,13373049.56,3522169.23
湖州路衢州路口,4090,822aaffae202a0d417c8f6e3,13373937.78,3524218.73
衢州路口,4089,e6aabb78a34f1ef5cf06a48a,13373847.95,3523159.36
湖州路新昌路口,4092,f07bcab93812faebae045737,13375237.23,3524329.35
湖墅南路11号,4096,9100168c561f11721b11d573,13376595.57,3517924.76
湖墅南路69号,4097,405399f796a92778bb17e759,13376490.7,3518277.47
半道红,4098,f920e1b421eb29c1c4f0258c,13376500.39,3518189.87
湖墅北路83号,4100,2007fe0491c5545b0b69d93c,13374887.13,3521412.54
湖墅路卖鱼村站,4101,c44191b740b41bd784330470,13375387.18,3520832.67
城市学院西,4103,bfbfde22448dccadb320a83f,13376475.67,3524431.49
赵伍路105号,4109,792a8e3d3635062228201ad4,13373786.72,3522003.6
大关路和睦路口,4107,87aab4db69a4f20a00ff2d1a,13374684.97,3521449.36
赵伍路179号,4108,289e47bb195af404465726e8,13373922.53,3521848.74
赵伍路16号,4110,1258619203eb4d7fd13ce39f,13373452.2,3522281.36
勤俭桥,4114,e118e1c60f477c4e4251c05f,13374090.29,3522308.82
和睦路贾家弄口,4112,b9dba9b04523470cb2077d7f,13374886.9,3520893.1
和睦路47号,4113,d7f1eaf4be7989c6c6effb69,13374891.69,3521039.21
贾家弄小学,4115,bf47dd799655924adc1e5204,13375085.72,3520860.77
大关苑路73号,4119,9df9266b9c34e19dede4a53d,13376289.1,3522407.61
莫干山路1147号,4122,8a2e8bfb619ba8e3cf06a437,13371848.96,3523118.94
莫干山路1155号,4123,8fd7c95c3e4cce60cd04ef3d,13371763.47,3523232.24
莫干山路花园岗站,4124,c12e6fb0edef7cb74d776e23,13371361.04,3523746.91
莫干山路和睦新村,4125,16899f0c1ca7396d631809ec,13372877.01,3522307.67
莫干山路808号,4129,a9ad251ab98255854c3a59e3,13371355.7,3523819.92
莫干山路华方1号楼,4128,671845c1b14aa234744ff1d2,13372030.42,3522973.82
和睦医院,4126,f8dfc94cefab4baf581093d2,13372716.71,3522434.56
方家塘站,4127,0080df4cfc5598bd631c67aa,13372304.82,3522753.26
汽车北站1,4131,21cf71c93f162f0bb21e3624,13371753.45,3523321.16
莫干山路794号,4130,6bc08b517207b6cdc0f1cffd,13371539.05,3523597.67
莫干山路育苗路西北角,4136,ede9ec52f29308cafea77805,13371579.79,3523478.47
莫干山石祥路口,4133,7f2c8d801e254950a5da3936,13371259.3,3524000.97
莫干山路1265号,4134,9ea6d31202f8deaf725e80e1,13371439.53,3523653.62
汽车北路二自行车租赁店,4135,19749fc3bd101648400245ce,13371644.69,3523396.99
莫干山路1089号,4138,0cfc880e39c93afb2202203f,13372120.59,3522846.54
莫干山萍水路口,4142,25ddcf4dc8d0372e5810932a,13372644.79,3522434.94
莫干山路1067号,4139,10df9388436976eb260bd0b6,13372221.66,3522766.61
莫干山路995号,4141,851cedddc27d3ca849fd3f86,13372470.13,3522568.89
莫干山路1017号,4140,2c522a1ffa82b3ccc9fa5fc1,13372363.49,3522657.68
香积寺路247号,4146,ed8b842a5213450888f15d98,13376780.92,3521558.41
莫干山路905号,4145,e6141483299eae3f30169b8a,13372945.69,3522196.81
莫干山路933号,4143,a0b1e177c2b37b32b817e76b,13372778.71,3522328.71
香积寺路227号,4147,899aad33449e9ff9f02d835d,13376887.34,3521618.58
香积寺路283号,4149,f1a38032a6b63998deee8bc6,13376627.63,3521471.43
锦绣文澜阁8幢,4155,6412821ef17fcac5abf0cde4,13373899.16,3524527.48
衢州路育苗路口西,4153,f13da05a81dd80c46e20b9c3,13373866.21,3524839.95
文澜中学东,4154,c2d23e78f17aaa5017b54bf0,13373858.75,3524526.19
育苗路信步闲庭,4161,601503ea4d5738bb3f9a5e39,13374171.11,3524779.38
横通桥,4172,a7b0165671a09d262b11d19d,13373857.08,3523994.04
天和建设,4174,e76a9c0077fd1e5894ec84d8,13373853.74,3523509.01
文澜中学东南,4171,8c2464eefa7c674942e19296,13373855.63,3524399.67
衢州路东,4177,2c485481233607710d3dda7d,13373889.92,3523416.24
城村站,4175,e35e96d805aec2e4f4e73bf7,13373850.73,3523300.76
桥弄街西,4173,2605f0dd9fac991a26d2bb30,13373855.63,3523644.25
清洁所,4176,26e56bb315e8f703a8175a20,13373891.36,3523291.01
老杭印路60号,4179,cb41e930350f25fb09a8d4b3,13373899.94,3523887.41
桥弄街,4178,cb4c0a5b5db2b9a193114c35,13373893.81,3523645.54
金瑞风景大院西,4180,d9a50a76d7b3424417948e04,13373895.04,3524023.81
金瑞风景大院西北,4181,35cf34ce4573bfababf0cdb4,13373893.37,3524157.78
育苗路吉祥寺路口,4184,ba52d9b4ecf2e1159f09f779,13374189.81,3524819.03
育苗路小河路口,4183,abae808e45b8cbe51f38948d,13374279.43,3524784.13
石祥路189号,4196,06b37b40cde6dec9471a32c5,13377526.76,3524941.84
中国重汽牌发动机西北处,4194,559930d0e87a1e4631870a74,13377259.82,3525133.57
石祥路303号,4193,9210a19ab45e244ac13644f6,13376020.04,3525304.63
石祥路208号,4199,83263b062f6c0aad2fb96d22,13377281.64,3525184.51
石祥路利园路口,4198,6e64100177d59ec3f942b29c,13377510.96,3525042.2
长浜街科园路口,4201,58453f9ec3ebb5645fd4fe6f,13377837.79,3525513.3
石祥路208号西,4200,cec68d3ad5586f188b2fb54b,13377175.1,3525256.76
长浜街沈半路口,4205,0b250ec163d4ca8c2e4733bf,13378358,3525092.37
夹板线条区41号,4207,8d820d9b40d7dfa12b11d1da,13377880.88,3525482.37
上塘路永庆弄南,4210,69edb5c80dbfaa807c29bddc,13375367.48,3524776.3
市府大楼,4209,06169a6c82e9dd75a1d230ca,13376459.09,3517710.07
上塘路1001号,4211,6a1e07c009fbc260047ce808,13375420.35,3524289.57
城市学院东,4212,155ee1bd0ccfd97582288ab0,13376670.04,3524393.89
湖州路西公园,4215,4444f66535122ace7bb55c6c,13375062.68,3524397.61
湖州路208号东,4216,13c663af4ae1263c1d1d1195,13374902.82,3524392.22
湖州路172号,4217,6ca7f559f8364a57a1a934c6,13375103.87,3524361.3
湖州路上塘路口西,4214,d8a175d22a286a04a21de975,13375365.58,3524370.54
湖州路丽水路口,4223,28f49ed104c05609f60e7740,13374833.36,3524346.8
湖州路18号西,4225,651a3aa63918fc6e09a8d41b,13376826.45,3524217.96
湖州路茶汤桥,4224,06a912bbf8e58886cb2915a9,13375907.72,3524378.75
上塘路391号,4226,eb6de1fe65a95ff6b6f42fb5,13376620.39,3520968.01
湖州路小河路口,4229,ac3745e098d491cdbb17e75f,13374370.71,3524291.36
德胜立交东,4227,7c56344570dd9093eddfcada,13377085.71,3520533.9
申花路莫干山路口,4231,6d6d493cad0c08446f3e1b29,13371892.71,3522846.8
德胜路152号西,4228,89eb6550d3a8f1b300ec01bf,13377393.85,3520761.99
丰潭路申花路口,4232,121c389a625d591e2ffaa7be,13370831.49,3522114.45
左岸花园,4230,2ff7f53a86b0828925d2bbd0,13374915.07,3524780.53
芯园路登云路口,4236,7b40a4c2c0828098afee7af9,13372292.69,3521114.01
文一路湖墅路西,4241,469a0a30abdc432840d63e2a,13375491.15,3519813.99
湖墅路夹城巷口,4237,b8827d462722a49503ff2dd5,13375934.32,3519730.1
文晖路湖墅路西,4240,7bae8994a151f0a56240a9ea,13376270.62,3518400.99
莫干山路申花路加油站,4242,4d19ec92f2314b0a6318090b,13372175.58,3522857.58
丰庆路三墩路东,4245,975b6145f8b79a58b5147f42,13370013.62,3524692.25
丰庆路美林湾2幢,4247,77c65614c45cc8624151c001,13370369.84,3523953.24
丰庆路石祥路东,4264,66a383cec715eb71c17da26e,13370428.18,3523837.37
登云路小河佳苑,4269,6cf9cc3ca38612f35fd4fed8,13373512.21,3522522.19
秀月家园,4289,4429417f1ee971df61685861,13369851.54,3523902.43
衢州路东二,4283,e2d8bd42998111002fb90859,13373895.37,3523808.24
美琳湾,4290,1dab43ae7056aca761685805,13370153.88,3524014.06
丰庆路五百九十一号,4297,f55ec1c64784e1f99cec2bf0,13370046.24,3524497.45
公交新河坝巷站,4292,a527810aec008c9efb2d6127,13375857.51,3519188.79
拱墅区城管办,4295,6e087163f6c55362100daa1f,13373967.4,3521132.22
八百五十二号,4301,8ad48df4854b3ee83a04b1e5,13371184.16,3524285.07
丰潭路申花路口,4300,1b6e6d70535145dd9d9d680e,13370886.48,3522099.95
湖墅北路登云路口,4306,19db5f1511717b4cf72310db,13373704.9,3522719.01
小河街道办事处一百零八号,4304,02893a1986e24cc582a12eec,13374747.87,3522188.09
大关路218号,4308,8797e771e88e96b6e0110307,13376022.93,3522313.05
大关路大兜路口,4307,ed2b7fa1cd1c08d01d5800d9,13375074.26,3521684.14
隐秀路417号杭广电大,4312,75a4597eb26ad833b2077d63,13373016.38,3520843.7
沈半路185号,4309,92bef82f52453d762fb908dc,13377711.89,3524236.83
登云路609号,4314,973e75ed50cd6f50871541e5,13372389.76,3520970.58
朝晖五区56幢,4311,48fdf80100a0f568ca1b9564,13377034.95,3519707.14
隐秀路382号庆隆苑25幢,4313,47ec52f93353bc8976e5b67c,13372556.74,3520733.64
隐秀路418号,4315,16951ad1fe3514636d20b9d7,13373138.95,3520853.33
申花路238号,4319,dd986b108b0322a62dfaa732,13371286.46,3522403.12
申花路丰潭路口东南角,4320,2c049d5842e521f41811d5f7,13371564.2,3522544.13
申花路苗圃路口西南角300米,4321,6fb4528d9023780f246e98a5,13370898.28,3522333.33
申花路苗圃路西北角,4325,e6767f673079170b1d1d114d,13371561.31,3522592.37
申花路丰潭东南北角,4324,54f305d8ced10c18e215f96a,13370901.18,3522369.51
萍水东路东,4333,f83f04284879974a6f3e1b79,13372388.53,3522251.08
育苗路汽车北站,4334,85cca29349e157bbc7f50d00,13371733.08,3523521.71
德胜路S19-1墩,4337,9ca99818d0ce027609b93a79,13376976.17,3520448.72
上塘路海外海快捷假日酒店,4338,363edee38d1f306de215f9bd,13377038.62,3520423.7
德胜路西,4336,048013890b19941c87330404,13376664.14,3520336.6
吉祥寺路银树湾7幢7-1,4335,7eb38d498b761b12c9fa5fb8,13374111.89,3524749.61
德苑路北,4341,faaf39a582f00060b426558f,13377106.42,3521317.22
小河路长征中学,4342,1fbba0b1ac49c941b75f1e26,13373718.48,3521687.09
赵伍路登云路口,4343,6e17e35e73fef570c8213dcb,13373619.85,3522097.38
德苑路南,4340,4017871f5f460ee9b8bd6318,13377153.95,3521202.91
莫干山路隐秀路口,4344,8ad68c46a846c3d08bfc06ea,13373783.49,3521526.33
紫荆路丽水路东南角,4348,3890f254393f7c7e40e19254,13374842.49,3522373.61
丽水路136号对面,4346,51849856b4869a8908f5ebf3,13374753.54,3522651.77
丽水路登云路口,4347,3e41a8741bc04609ab175ae6,13374721.04,3522720.16
湖州路文谰中学,4353,dee6c35baff4d90591114cb0,13373673.06,3524225.53
金毕路登云路西南角,4350,4299c04941e5fcde9222e0b5,13374202.95,3520395.87
莫干山路小河路口,4351,463601bfd0162e62c9fa5fd7,13373492.95,3521811.79
上塘路口德胜路口,4352,5ff7569ab9d46a8abadf8f3b,13376788.6,3520767.37
湖州街杭行路西,4354,e4f572189049941a81a12e1c,13373484.04,3524200
叶青兜路,4358,538fbdc1540a19e0e215f95e,13376786.15,3518949.96
杭行路199号,4356,563b29295c9359a21911d563,13372694,3524045.12
湖州街杭行路东,4357,b46c242c9ead7ec79c9d68b3,13372918.09,3524008.42
莫干山路北大桥,4361,71cfd25091e22a044657263b,13374065.02,3521354.29
文一路4号,4363,c3120cf66e0cdaf01b94c628,13375401.99,3519729.2
丽水路温州路西口,4359,e51c1c375c2cf502dc1e52f5,13374805.75,3523921.67
莫干山路百安居,4364,a3091df0e6b8e632eaf8536d,13373314.05,3521900.96
丽水路永庆路西口,4360,5eca230e7779a76b4e776e16,13374719.48,3524643.61
莫干山路160#,4362,c4e3f6c8ccad67e4c62ba132,13375777.36,3519006.14
湖州街杭行路西南角,4366,6d61e7da2850f3d96b49f39c,13372725.17,3523883.18
湖州路通益路口,4365,7d862e36b11905554e776e30,13373803.42,3524248.12
湖州街杭行路东南,4369,105d4e440939deabfda778cd,13373121.25,3524057.43
湖州街莫干山路东北角,4371,f7d51319c771f7995a3ac8e2,13372107.34,3523027.59
湖州街杭行路西北角,4367,b990fe0fb8a9e91b3fe231e6,13372726.95,3523826.2
湖州街杭行路东南公交站后,4368,a18f0657917c921e8bb98876,13372914.3,3523961.19
紫荆路上塘路西南角,4373,6e9bd35c0654d3b4ede4a5c0,13375530.56,3522356.81
三墩路都市水乡南面公交站,4376,cec03a43c188a80ec056ac90,13370035.44,3524278.79
湖州街莫干山路东北角,4372,ac079876394ae1f45fbe8634,13372349.24,3523350.67
紫荆路上塘路西南角,4374,6e9bd35c0654d3b4ede4a5c0,13375530.56,3522356.81
紫荆路上塘路西北角,4375,2d81a37528388e63d1f49e18,13375418.68,3522389.65
丰庆路三墩路东南,4383,aca03daec126d5426cc02ca2,13370308.84,3524083.74
大关路赵伍路口,4386,e1c1b848d5989ccd260bd0b0,13374645.67,3521438.33
金祝路口,5001,5d40ec8ed58499a53b221c94,13376146.72,3517232.71
武林门西,5002,a827b8b65b8b7d799fe32193,13376311.03,3517258.62
光明路,5004,3af6eb70abf57c209a68b4a0,13369379.54,3522707.84
翠苑五区,5010,d7543ef30c5345e288db7385,13372967.4,3519065.27
益乐村,5009,70ab652be97cc6b5be484260,13372032.53,3518389.19
华星路,5011,bea44bd6f1ea217bb42655e6,13373504.3,3518582.1
竞舟路,5016,87731a34b01db17203ff2d6f,13370804.89,3519237.28
竞舟路南,5013,5c7dc95164e81ed9c61b7531,13370903.07,3517873.98
香樟公寓,5017,29ec3de24e5dc055bb17e7d3,13370987.34,3518437.03
古荡公交站,5022,c7a5f28fd0c7661043afe63b,13372851.74,3517627.09
新现代装饰市场,5025,489eb6a983966469990050bd,13369820.25,3523138.7
莲花苑,5026,6e4f66b18bb624ba2fb96d86,13370904.74,3517735.2
骆家庄,5027,92015192e0ca3c9278f7960e,13369528.48,3519057.32
文二西路,5030,6cc8c6ed7b14d222b04c4917,13370880.81,3518804.51
少年宫北门,5034,6ba1c781b8f0b70f8b2fb56a,13376496.38,3516429.39
西溪路杭大路西,5037,41e9a078a2cdfb6fb21e3638,13374882.67,3517399.44
凤起路环西路口,5040,f6ab856e83ea13cf84154178,13376703.88,3516418.87
841益乐路口,5041,cd410cd96938b708871541ac,13371852.75,3519523.32
凤起路保m路口,5039,caa8e64fe2ed7977715e80c5,13376217.63,3516359.5
25路八字桥站,5044,f82050c0a9453fd32ce67b29,13375260.39,3517902.83
申花路丰潭路口,5043,121c389a625d591e2ffaa7be,13370831.49,3522114.45
三墩站,5048,75d7a5e8a01267a908f5eb01,13368390.67,3524037.42
25路文三新村站,5045,ee5ca3ef6218d28cabf0cd81,13375058.56,3518184.49
翠苑11路总站,5047,add2892aaa4eca34c9291506,13373442.74,3519664.04
星艺街,5050,619920b316909cb38bfc066c,13369505.11,3519955.23
翠苑佳居,5052,27ae383423646b28c356acce,13372903.06,3520294.4
世纪新城,5053,007836567dc5de88f5c59cd1,13372172.68,3519249.59
同仁家园,5056,e149a4657f744068eee4a526,13368025.21,3524592.41
万塘路文一路口,5058,0ab6b228a41f375e2811d1ef,13372974.3,3519416.22
金帝花园,5055,55861f6430b501b8704b87c3,13368971.43,3524510.54
西斗门,5054,121e9cd10f653d10364aae99,13371891.26,3519941.89
丰潭路文二路口,5059,200f6116bc4f9ad8ab059db3,13371399.78,3518835.29
体育场路保m路口,5063,523cb17d6479550b00ec01df,13375729.49,3517026.49
古荡绿色广场,5064,74fe2889631c59ad9e9d683a,13372678.75,3517621.31
莫干山路文三支路口,5061,b0e994d8913084620bf5eb3d,13375958.03,3518511.29
16路松木场站,5062,4bdf22e39dcea80c45572662,13375224.43,3516918.89
建设银行门口,5067,a1c3a783f879cb54a3acc442,13375751.42,3518334.42
815古荡站,5066,414be994bc84244bc5effb21,13372877.79,3517701.86
天目山路古翠路口,5065,4b0db8cea81946f1ae31e58f,13372638.34,3517695.19
西溪路149号,5071,d3fac4e69e414aac0782c287,13374559.29,3517401.11
万塘路文三路口,5070,989f84d6d9ae374c1a11d591,13373056.68,3518177.18
保m北路59号,5072,3ec0d16c30400a6ba3acc40b,13374863.08,3518873.64
24路古荡站,5068,aa04872d19557cad100daa4d,13372256.29,3518167.43
通普路文一西路口,5073,f7236c5ebb5705ff3b221c7d,13372061.25,3519550.01
南泉路申花路口,5074,b1ff17e5b03fbcea6018099e,13370340.34,3522222.09
高技街67号,5080,5d524ca9e5922a6acae33c9d,13371538.93,3519204.57
益乐路高技街口,5078,44c841c5c9489262f503b827,13371899.95,3519337.2
高技街丰潭路口,5079,5d2caa9a4d8cea7db1077d18,13371407.8,3519187.77
河道古墩站,5093,0249ddb92f44eb7fc036445f,13369536.72,3520219.09
西溪数码港,5131,28ce1b72a73d8266bda2404f,13375271.18,3518316.85
文三路马塍路口,5133,b4e7f26f68deef806b49f303,13375579.65,3518364.31
教工路106号,5130,ef25e61de9349af3f4e73b89,13374371.38,3518325.32
文三路178号,5134,c6ace7c85729f11aad31e542,13374835.81,3518333.27
23路下宁桥站,5129,93df735bcb60a6d4306212bc,13374938.89,3519319.5
文三路保m北路,5132,eadecfc3d8f2e6bb2a11d1b7,13375067.02,3518309.54
179路上宁桥站,5135,f6afcd56b56351c0b35c6a4f,13374614.95,3518318.13
194蒋村商住区站,5137,764da982036daa5821f01725,13369485.51,3519372.86
紫荆花路星洲街口,5140,8a6ee83aacc11204b1077de5,13369497.31,3519665.07
15路花园西村站,5141,f6172e4e7213420c2cb17e92,13374364.37,3518533.48
益乐路文二路口,5145,31f919c7ff7c6532f60e7707,13371915.76,3518858.89
嘉绿名苑14幢,5144,2049a3b414e6069fe81e97f0,13371694.56,3518592.23
丰潭路258号,5142,0277140b5948cee028fc4889,13371356.26,3519000.5
西斗门丰潭路口,5143,0b399d7a4237bceeb5f42ff2,13371161.33,3519912.51
海关路学院路口,5148,784754be6276aa89a4c75696,13373691.77,3518633.79
万塘路塘苗路,5149,11967eb16c57b075afee7a9d,13373038.65,3517987.48
万塘路天目山路口,5147,cab2bb8f312387bfc03644a9,13373058.57,3517725.97
工专路文二路口,5146,6a9f1af17b966d52b5147fe9,13373351.35,3518942.01
24路古荡新村西站,5151,f3fa42f5dddf0d7c1d58007d,13371958.28,3518205.39
万塘路文二路口,5150,e940df595d41041bf80cad69,13372996.23,3518925.46
89路紫荆花北路,5152,994f324ed453edcb08a8d442,13369297.72,3523071.98
望月公寓1幢,5153,81af30040237b5743c9a5ecc,13369416.94,3522486.26
黄龙体育馆正北门,5161,d37b53eb74702d99a2a93454,13374441.84,3516720.75
黄体中心东门北,5160,3291464ed52a840173455b1a,13374419.58,3516997.38
塘苗路18号,5158,3f7b3776940bfe5260180910,13372726.28,3517956.7
黄龙恒励大厦,5162,ffd8f52d6f1f345c10293527,13374397.87,3517308.64
黄龙体育馆正门北,5163,551617eff84fe93b17c8f673,13374401.44,3517183.21
B2线浙江工商大学站,5167,1233e17b705ae9337702693f,13374257.83,3519416.47
黄姑山路天目山路,5165,72af9d4818a5e1da354aae6e,13374115.34,3517673.39
21路黄龙体育中心站,5168,b55607d74c0028e7b13c815a,13374486.82,3516733.07
307路黄龙体育中心站,5169,86a3ba48e953674216a19052,13374474.57,3516916.46
黄姑山横格,5166,3c1d0b4eed634640bb17e724,13374102.54,3517901.68
黄龙路西溪路口,5170,74709281ebcc68506c3e1b65,13374387.63,3517430.09
紫桂花园6幢,5171,3abd5fe325b61df16cc02c71,13370844.4,3518949.57
香樟公寓28幢,5173,17402f7ea2022e435a3ac88b,13370943.93,3518698.43
香樟公寓8幢,5174,5e07040c9fe3cac0e5e965a5,13370963.85,3518332.24
竞舟路文三西路口,5172,1f6f53477ba8062a9d82ea0b,13370939.03,3518059.95
西溪路118号,5175,a961aeb662bb5e02f32d8321,13374768.68,3517404.95
学院路文三路口,5193,8d5dd69c24128069ae080f6c,13373649.91,3518166.15
嘉绿苑51幢,5197,5b268e7381576db7f90cade3,13371450.32,3518640.97
嘉绿苑36幢,5196,8e284c38d2a56f84e5073873,13371464.8,3518567.99
丰潭路文一西路口,5194,d3f31d7601c6683badb22a29,13371297.26,3519242.92
嘉绿苑27幢,5195,f11760bf8ba0da349cec2bf3,13371537.26,3518312.23
黄龙公元大厦,5200,0a3196af21520448eb1e976a,13373788.5,3516590.97
求是路曙光路口,5201,811e279b9a1d2e2616a19069,13373983.2,3516515.57
求是路玉古路,5198,9988b13089b2c59f4207c12d,13373452.76,3516726.01
131路求是路站,5199,91072d601570ab73f50e7729,13373607.61,3516667.02
黄体中心南门,5202,aeee3a89a3cb3ddab75f1e71,13373887.02,3516552.76
浙大新村1幢,5203,7da7c1633c3f6353f4b91611,13373341.66,3516178.55
求是新村南门,5204,a5a3600a9f2b39b9734b8791,13373595.58,3516130.33
南泉路长江路口,5212,41fab9b191bb40bcacee7afa,13370269.77,3522487.55
黄龙跑马场路口,5211,42e7db1a97f21036911fc9e6,13374451.75,3517133.58
南泉路南花街口,5213,421672c11a922b0b6cc02c1e,13370215.55,3522710.03
翠苑二区六幢,5217,ec99d7d3193cf8a209a8d413,13373534.25,3519918.67
37路申花路古墩路口,5214,544b4a981ce534b79f09f7ff,13370189.62,3522167.43
翠苑二区四幢,5216,dba046b7048251c915764386,13373574.55,3519851.84
翠苑二区29幢,5219,b3ddba921ba6ba977702695a,13373534.91,3520053.74
翠苑二区八幢,5218,443ad7b1ce709166fbdc8540,13373567.31,3519980.62
文一路110号,5224,4d22534d3f96a260c51b75ce,13374595.69,3519726.64
文一路教工路口,5223,c95589133c4aa1a7a6da3933,13374418.91,3519714.71
文一路学院路口,5222,af2e63a09010431feb56fa2b,13373679.08,3519677.51
290路文三新村站,5225,521d95fa4555be866d20b9b5,13375155.86,3518052.51
香樟公寓20幢,5226,29ec3de24e5dc055bb17e7d3,13370987.34,3518437.03
通普路文一西路口,5228,f7236c5ebb5705ff3b221c7d,13372061.25,3519550.01
毛家桥公寓9幢,5227,0096880534a927675fd4fef6,13372070.71,3519427.38
湖畔花园,5229,29224a74f60c622ea21de9ce,13370607.51,3519524.61
丰潭路长江路口,5234,e40b80b4887db0ddf8f0cb4f,13370611.41,3522581.08
丰潭路南花街口,5235,9a7edf1a4b1de2a26e4760a0,13370561.87,3522805.23
翠苑一区3幢,5259,c7ee7071d1617f4e8b2fb555,13373579.22,3519203.54
学院路202号,5260,1e1cf107ae2ae3cb4207c1fc,13373621.19,3519169.04
莲花新村1幢,5277,2bb6b11871387e3f6e3e1b38,13371088.2,3517580.91
莲花新村7幢,5276,3157fc9eac1ad6a0f822138c,13370959.96,3517616.83
文一西路五十七号,5287,2befe4f86a93452ca4c7563f,13372123.26,3519630.56
益乐新村,5288,e7bb2810f3d8a927c51b75ed,13371251.62,3519745.88
天目山路万塘路口,5291,5728512f7ac5065d31f71daf,13373029.85,3517683.52
浙江财经学院,5289,7055da1f5d6bd0e04051c052,13371544.95,3519548.34
通普路西斗门路口,5292,b3c412e6ab0daf98d72ce285,13372038.99,3519894.04
文一路八十九号,5290,a4d093748c04bf0022f0174f,13371391.43,3519537.95
省府路南2,5300,86e533af0388c3f7774ff1a0,13376164.53,3516658.81
省府路南1,5299,0da97cc861f80d9c90114c69,13376109.65,3516617.13
省府路南3,5301,17433bb2f29e9412ca09f021,13376251.92,3516707.67
古墩路415号1,5305,eebf5004b831837db020a879,13370191.4,3519371.71
古墩路381号8,5306,c48f140c8457f2622902e140,13370325.09,3518597.87
古墩路182号,5311,8d84918e0889479140e192d4,13370440.53,3518206.29
古墩路258号,5312,f6029e2d4264f5b14051c0b7,13370397.45,3518446.52
古墩路426号,5313,83f564222af6eb2d8bf15d7e,13370284.46,3519083.61
文三西路口站,5315,9c8ac15a712ac8b7b9df8f9d,13370473.93,3517668
古墩路102号,5314,9d9d9f97b752ea5aa004645a,13370490.74,3517857.05
天虹公寓3幢,5318,6b412870698e7667b1077d0a,13369356.83,3522932.64
望月公寓2幢,5319,6466f3c2f946e3a9aeb22a67,13369326.77,3522812.67
望月公寓7幢,5320,8b1fd329adce1644734b8761,13369357.49,3522579.41
申花路古墩路口,5322,dbd6b1610803af391f580022,13369939.37,3522097.64
保m路凤起路口,5348,caa8e64fe2ed7977715e80c5,13376217.63,3516359.5
宝石二路1号,5347,ecbc2ff9ff72df6ca9175a39,13375634.76,3516731.01
天目山路保m路口,5357,7aa3575fc06ded51c1f1cf19,13375485.14,3517571.68
天目山路38号,5359,d4e5d39fb064bcd007026f51,13376200.16,3517692.24
天目山路194号,5358,a95cbdfef43cee8df72310a8,13375526.11,3517636.96
文二街农贸市场,5360,3ac141a0a25231bfb6f42f10,13375242.02,3519423.02
马塍路二四号,5363,98e4bc9c44831371cafa5f42,13375606.15,3518500.39
文三西路一五六号,5364,37bf3f37411137bd250bd0c1,13371829.37,3518203.73
环城西路八九号,5365,e9b4bdd760fd3f78c61e51b6,13376409.44,3517620.03
玉古路汇丰公寓,5371,0253d15aeb1e393ab7265525,13373648.68,3517497.94
六百三十七路西城年华站,5369,5c5314fd4386a48fa01de9a3,13370591.04,3522238
玉古路邮政所,5370,3d68b6997140c7fc93114cf0,13373603.38,3517235.02
骆家庄西苑1区113号,5374,ecd5493cc7e48b182bd7ab3f,13369515.9,3519271.14
紫荆花路395号,5377,9b2613cc52cef965f32d83d1,13369499.87,3520121.09
骆家庄西苑二区34号,5375,ab396c674ee934b1c61b7518,13369479.39,3519227.79
星州小学,5376,1e95a21e541a14413617dc2a,13369527.37,3519802.32
文一西路462,5378,c7074330741d8a40f4e73b51,13369305.28,3519555.91
翠苑三区四十四幢,5388,3c9ed78d88a71ced2afc487c,13372676.74,3519934.57
电子技术研究所,5387,c9ca7456447055bd2a02e15e,13372954.27,3520054.38
申花路南泉路口,5395,b1ff17e5b03fbcea6018099e,13370340.34,3522222.09
玉古路公交中心,5400,3d68b6997140c7fc93114cf0,13373603.38,3517235.02
飞虹路西,5405,44597952a25ccbe2eee4a54a,13370001.04,3523193.49
飞虹路东,5406,79f8611efefcafd417b54bde,13370285.24,3523236.99
古翠路文一西路西北角,5408,2e97d19aacb7f85817b54b16,13372434.06,3519657.11
公交翠苑五区站,5409,722cf792b0dd30d570455bd9,13372462.56,3519253.44
公交一公司站,5411,cc34271e3bc6eaf2f4eafc32,13372507.54,3518500.39
古翠路天目山路西北角,5412,db0351b0394e41db76e5b61f,13372558.41,3517706.22
天目山路83号,5419,cec7ca2d39f9bedb1de999b6,13375686.97,3517588.61
丰潭路286号,5420,c287fcb80152fa4b6f3e1bc8,13371321.3,3519111.19
古荡绿色广场西,5421,357311f782b0f8cb3517dc78,13372786.51,3517625.16
天目山路330号,5422,dcf82301c9a30d1b734b878a,13372768.69,3517698.14
凤起路620号,5426,35168e76617ef7faeb12e440,13376541.13,3516462.22
竞舟路228号农贸市场:,5424,47dc82fb633d9a39e9f853bc,13370773.94,3519218.81
竞舟路231-236,5423,7f1424dc39453eeb48fd3f47,13370828.71,3519137.61
西城年华3幢,5425,9904ced708c8ebc8f4e73bec,13370677.2,3522436.99
锦秀路古墩路口,5427,2aec90628e834fa7e856fa62,13369374.97,3524419.3
丰潭路申花路口东北角,5429,3cfb4eb6e50a818b16764307,13370756.46,3522371.05
西城年华4幢,5430,dc0d93c5a25a7ba4223bf272,13370665.74,3522391.7
天虹公寓南门,5433,d19ad9685a55da6a213bf294,13369453.79,3522961.25
飞虹路光明路口,5434,04852e7f9cb483ee3010afc2,13369431.97,3522911.98
天虹公寓2幢,5435,12ef2b3656589ef3d42ce26c,13369532.94,3523005.26
天亿家居广场,5436,1814b3d570bf01062f47332c,13369693.35,3523079.29
丰潭路长江路口东南,5437,47f6907e7f11492281288a47,13370666.74,3522574.02
长江路南泉路口西南,5440,91bf3201be2612b343afe64a,13370264.87,3522507.18
天亿家居广场正门,5438,9a6406875609a46ed518b7fb,13369581.25,3522992.17
长江路南泉路口西北,5441,41091fdc7c64e6e2da13185b,13370256.85,3522540.41
南泉路南花路口东南,5442,6af38f14d06eb6350582c240,13370254.18,3522670.51
长虹路古墩路口西南,5445,445547ad980449008e772788,13369908.98,3522391.57
长虹路古墩路口西北,5444,3d4c40ae4d3b4aea4c3a5997,13369883.93,3522411.85
丰潭路南花路口,5446,56c4330f6049383e8bfc0641,13370477.71,3522886.57
丰潭路长江路口西北角,5443,0348c77c119b32344251c017,13370551.74,3522715.41
三墩路长阳路西北角,5450,5e5aa30848b5e3d8deee8b75,13369596.61,3524138.4
骆家庄西苑二区4号,5449,c4deeb1b87300ee04054d762,13369490.41,3519070.53
三墩路长阳路西南角,5451,93ee4a2dc1138dd28afc0613,13369599.51,3524092.85
三墩路长阳路东南角,5452,2de5c6881614065fc42ba1be,13369802.22,3524181.13
新时代装饰市场北门,5455,8e1d40e02e3812f0fbdc8561,13369899.63,3523162.57
阳光地带15幢,5460,1fdc364a5598abedc27da285,13369530.6,3519904.04
阳光地带9东区,5459,04a10ad6b5a2878d43ab9ad1,13369497.65,3519788.6
教工路106号,5480,ef25e61de9349af3f4e73b89,13374371.38,3518325.32
滨江区政府东,6002,d31d686202299641fa42b243,13382899.55,3509596.03
江晖路滨盛路口南,6003,32f00842f5a7de070482c21b,13382283.16,3509334.94
同人春江时代花园十一幢,6004,ed364e6900ffc6bc16c90528,13380418.88,3508799.98
春晓路江南体育场自行车租赁站,6005,5ab0748b8c272ee43f9a5e33,13383009.2,3508721.55
公交一桥换乘点-,6008,4b969c2e63e2dede8a36ee5d,13375770.68,3506559.78
滨江区政府西,6001,e72a3f5873e490a1704b8773,13382673.79,3509389.67
网商路-,6006,37d256d7c0e6ff3cddee8b2f,13380602.78,3507001.35
公交南环路站,6013,1a8b13b9573b499ac51b758b,13376420.01,3505582.62
园之二路伟业路口,6009,88282d825a400ab1774ff181,13377215.4,3506528.51
江南学校彩虹城分校点,6012,b53a9bf8f6ae69b079b55caf,13376876.09,3506809.01
官河桥北,6022,d0075f97ac4ae105db1318b9,13384623.46,3506957.4
